-- phpMyAdmin SQL Dump
-- version 5.2.1
-- https://www.phpmyadmin.net/
--
-- Hôte : 127.0.0.1
-- Généré le : jeu. 21 août 2025 à 01:18
-- Version du serveur : 10.4.32-MariaDB
-- Version de PHP : 8.1.25

SET SQL_MODE = "NO_AUTO_VALUE_ON_ZERO";
START TRANSACTION;
SET time_zone = "+00:00";


/*!40101 SET @OLD_CHARACTER_SET_CLIENT=@@CHARACTER_SET_CLIENT */;
/*!40101 SET @OLD_CHARACTER_SET_RESULTS=@@CHARACTER_SET_RESULTS */;
/*!40101 SET @OLD_COLLATION_CONNECTION=@@COLLATION_CONNECTION */;
/*!40101 SET NAMES utf8mb4 */;

--
-- Base de données : `inondation`
--

-- --------------------------------------------------------

--
-- Structure de la table `arrondissements`
--

CREATE TABLE `arrondissements` (
  `id` bigint(20) UNSIGNED NOT NULL,
  `nom` varchar(255) NOT NULL,
  `departement_id` bigint(20) UNSIGNED NOT NULL,
  `created_at` timestamp NULL DEFAULT NULL,
  `updated_at` timestamp NULL DEFAULT NULL
) ENGINE=InnoDB DEFAULT CHARSET=utf8mb4 COLLATE=utf8mb4_unicode_ci;

--
-- Déchargement des données de la table `arrondissements`
--

INSERT INTO `arrondissements` (`id`, `nom`, `departement_id`, `created_at`, `updated_at`) VALUES
(1, 'GRAND DAKAR', 5, '2025-01-08 15:17:01', '2025-01-08 15:17:01'),
(2, 'ALMADIES', 5, '2025-01-08 15:17:01', '2025-01-08 15:17:01'),
(3, 'PARCELLES ASSAINIES', 5, '2025-01-08 15:17:01', '2025-01-08 15:17:01'),
(4, 'SAM NOTAIRE', 6, '2025-01-08 15:17:01', '2025-01-08 15:17:01'),
(5, 'WAKHINANE NIMZATH', 6, '2025-01-08 15:17:01', '2025-01-08 15:17:01'),
(6, 'YEUMBEUL', 16, '2025-01-08 15:17:01', '2025-01-08 15:17:01'),
(7, 'MALIKA', 16, '2025-01-08 15:17:01', '2025-01-08 15:17:01'),
(8, 'JAXAAY', 16, '2025-01-08 15:17:01', '2025-01-08 15:17:01'),
(9, 'THIAROYE', 8, '2025-01-08 15:17:01', '2025-01-08 15:17:01'),
(10, 'PIKINE DAGOUDANE', 8, '2025-01-08 15:17:01', '2025-01-08 15:17:01'),
(11, 'RUFISQUE EST', 17, '2025-01-08 15:17:01', '2025-01-08 15:17:01'),
(12, 'DIAMNIADIO', 17, '2025-01-08 15:17:01', '2025-01-08 15:17:01'),
(13, 'SANGALKAM', 17, '2025-01-08 15:17:01', '2025-01-08 15:17:01'),
(14, 'BABA GARAGE', 12, '2025-01-08 15:17:01', '2025-01-08 15:17:01'),
(15, 'NGOYE', 12, '2025-01-08 15:17:01', '2025-01-08 15:17:01'),
(16, 'LAMBAYE', 12, '2025-01-08 15:17:01', '2025-01-08 15:17:01'),
(17, 'NDOULO', 42, '2025-01-08 15:17:01', '2025-01-08 15:17:01'),
(18, 'NDINDY', 42, '2025-01-08 15:17:01', '2025-01-08 15:17:01'),
(19, 'NDAME', 28, '2025-01-08 15:17:01', '2025-01-08 15:17:01'),
(20, 'KAEL', 28, '2025-01-08 15:17:01', '2025-01-08 15:17:01'),
(21, 'TAIF', 28, '2025-01-08 15:17:01', '2025-01-08 15:17:01'),
(22, 'NDIOP', 2, '2025-01-08 15:17:01', '2025-01-08 15:17:01'),
(23, 'FIMELA', 2, '2025-01-08 15:17:01', '2025-01-08 15:17:01'),
(24, 'NIAKHAR', 2, '2025-01-08 15:17:01', '2025-01-08 15:17:01'),
(25, 'TATTAGUINE', 2, '2025-01-08 15:17:01', '2025-01-08 15:17:01'),
(26, 'TOUBACOUTA', 24, '2025-01-08 15:17:01', '2025-01-08 15:17:01'),
(27, 'DJILOR', 24, '2025-01-08 15:17:01', '2025-01-08 15:17:01'),
(28, 'NIODIOR', 24, '2025-01-08 15:17:01', '2025-01-08 15:17:01'),
(29, 'COLOBANE', 36, '2025-01-08 15:17:01', '2025-01-08 15:17:01'),
(30, 'OUADIOUR', 36, '2025-01-08 15:17:01', '2025-01-08 15:17:01'),
(31, 'KEUR MBOUCKI', 29, '2025-01-08 15:17:01', '2025-01-08 15:17:01'),
(32, 'MABO', 29, '2025-01-08 15:17:01', '2025-01-08 15:17:01'),
(33, 'KATAKEL', 10, '2025-01-08 15:17:01', '2025-01-08 15:17:01'),
(34, 'GNIBY', 10, '2025-01-08 15:17:01', '2025-01-08 15:17:01'),
(35, 'MISSIRAH WADENE', 32, '2025-01-08 15:17:01', '2025-01-08 15:17:01'),
(36, 'IDA MOURIDE', 32, '2025-01-08 15:17:01', '2025-01-08 15:17:01'),
(37, 'LOUR ESCALE', 32, '2025-01-08 15:17:01', '2025-01-08 15:17:01'),
(38, 'DAROU MINAME 2', 46, '2025-01-08 15:17:01', '2025-01-08 15:17:01'),
(39, 'SAGNA', 46, '2025-01-08 15:17:01', '2025-01-08 15:17:01'),
(40, 'MBADAKHOUNE', 13, '2025-01-08 15:17:01', '2025-01-08 15:17:01'),
(41, 'NGELOU', 13, '2025-01-08 15:17:01', '2025-01-08 15:17:01'),
(42, 'KOUMBAL', 3, '2025-01-08 15:17:01', '2025-01-08 15:17:01'),
(43, 'NDIEDIENG', 3, '2025-01-08 15:17:01', '2025-01-08 15:17:01'),
(44, 'NGOTHIE', 3, '2025-01-08 15:17:01', '2025-01-08 15:17:01'),
(45, 'MEDINA SABAKH', 7, '2025-01-08 15:17:01', '2025-01-08 15:17:01'),
(46, 'PAOSKOTO', 7, '2025-01-08 15:17:01', '2025-01-08 15:17:01'),
(47, 'WACK NGOUNA', 7, '2025-01-08 15:17:01', '2025-01-08 15:17:01'),
(48, 'BANDAFASSI', 35, '2025-01-08 15:17:01', '2025-01-08 15:17:01'),
(49, 'FONGOLIMBI', 35, '2025-01-08 15:17:01', '2025-01-08 15:17:01'),
(50, 'DAKATELI', 40, '2025-01-08 15:17:01', '2025-01-08 15:17:01'),
(51, 'DAR SALAM', 40, '2025-01-08 15:17:01', '2025-01-08 15:17:01'),
(52, 'BEMBOU', 44, '2025-01-08 15:17:01', '2025-01-08 15:17:01'),
(53, 'SABADOLA', 44, '2025-01-08 15:17:01', '2025-01-08 15:17:01'),
(54, 'MAMPATIM', 25, '2025-01-08 15:17:01', '2025-01-08 15:17:01'),
(55, 'SARE BIDJI', 25, '2025-01-08 15:17:01', '2025-01-08 15:17:01'),
(56, 'DIOULACOLON', 25, '2025-01-08 15:17:01', '2025-01-08 15:17:01'),
(57, 'FAFACOUROU', 30, '2025-01-08 15:17:01', '2025-01-08 15:17:01'),
(58, 'NDORNA', 30, '2025-01-08 15:17:01', '2025-01-08 15:17:01'),
(59, 'NIAMING', 30, '2025-01-08 15:17:01', '2025-01-08 15:17:01'),
(60, 'SARE COLY SALLE', 21, '2025-01-08 15:17:01', '2025-01-08 15:17:01'),
(61, 'PAKOUR', 21, '2025-01-08 15:17:01', '2025-01-08 15:17:01'),
(62, 'BONCONTO', 21, '2025-01-08 15:17:01', '2025-01-08 15:17:01'),
(63, 'NDANDE', 31, '2025-01-08 15:17:01', '2025-01-08 15:17:01'),
(64, 'DAROU MOUSTY', 31, '2025-01-08 15:17:01', '2025-01-08 15:17:01'),
(65, 'SAGATA', 31, '2025-01-08 15:17:01', '2025-01-08 15:17:01'),
(66, 'BARKEDJI', 4, '2025-01-08 15:17:01', '2025-01-08 15:17:01'),
(67, 'SAGATTA DJOLOF', 4, '2025-01-08 15:17:01', '2025-01-08 15:17:01'),
(68, 'DODJI', 4, '2025-01-08 15:17:01', '2025-01-08 15:17:01'),
(69, 'YANG-YANG', 4, '2025-01-08 15:17:01', '2025-01-08 15:17:01'),
(70, 'COKI', 33, '2025-01-08 15:17:01', '2025-01-08 15:17:01'),
(71, 'KEUR MOMAR SARR', 33, '2025-01-08 15:17:01', '2025-01-08 15:17:01'),
(72, 'MBEDIENE', 33, '2025-01-08 15:17:01', '2025-01-08 15:17:01'),
(73, 'SAKAL', 33, '2025-01-08 15:17:01', '2025-01-08 15:17:01'),
(74, 'WOURO SIDY', 20, '2025-01-08 15:17:01', '2025-01-08 15:17:01'),
(75, 'ORKADIERE', 20, '2025-01-08 15:17:01', '2025-01-08 15:17:01'),
(76, 'AGNAM CIVOL', 26, '2025-01-08 15:17:01', '2025-01-08 15:17:01'),
(77, 'OGO', 26, '2025-01-08 15:17:01', '2025-01-08 15:17:01'),
(78, 'VELINGARA', 21, '2025-01-08 15:17:01', '2025-01-08 15:17:01'),
(79, 'NDIAYE', 38, '2025-01-08 15:17:01', '2025-01-08 15:17:01'),
(80, 'MBANE', 38, '2025-01-08 15:17:01', '2025-01-08 15:17:01'),
(81, 'CAS CAS', 37, '2025-01-08 15:17:01', '2025-01-08 15:17:01'),
(82, 'GAMADADJI SARE', 37, '2025-01-08 15:17:01', '2025-01-08 15:17:01'),
(83, 'THILLE BOUBACAR', 37, '2025-01-08 15:17:01', '2025-01-08 15:17:01'),
(84, 'SALDE', 37, '2025-01-08 15:17:01', '2025-01-08 15:17:01'),
(85, 'BOGHAL', 43, '2025-01-08 15:17:01', '2025-01-08 15:17:01'),
(86, 'BONA', 43, '2025-01-08 15:17:01', '2025-01-08 15:17:01'),
(87, 'DIAROUME', 43, '2025-01-08 15:17:01', '2025-01-08 15:17:01'),
(88, 'DJIBANAR', 45, '2025-01-08 15:17:01', '2025-01-08 15:17:01'),
(89, 'SIMBANDI BRASSOU', 45, '2025-01-08 15:17:01', '2025-01-08 15:17:01'),
(90, 'KARANTABA', 45, '2025-01-08 15:17:01', '2025-01-08 15:17:01'),
(91, 'DJIREDJI', 34, '2025-01-08 15:17:01', '2025-01-08 15:17:01'),
(92, 'DIENDE', 34, '2025-01-08 15:17:01', '2025-01-08 15:17:01'),
(93, 'DJIBABOUYA', 34, '2025-01-08 15:17:01', '2025-01-08 15:17:01'),
(94, 'BELE', 39, '2025-01-08 15:17:01', '2025-01-08 15:17:01'),
(95, 'KENIEBA', 39, '2025-01-08 15:17:01', '2025-01-08 15:17:01'),
(96, 'MOUDERI', 39, '2025-01-08 15:17:01', '2025-01-08 15:17:01'),
(97, 'BOYNGUEL BAMBA', 22, '2025-01-08 15:17:01', '2025-01-08 15:17:01'),
(98, 'DIANKE MAKHA', 22, '2025-01-08 15:17:01', '2025-01-08 15:17:01'),
(99, 'KOULOR', 22, '2025-01-08 15:17:01', '2025-01-08 15:17:01'),
(100, 'BALA', 22, '2025-01-08 15:17:01', '2025-01-08 15:17:01'),
(101, 'BAMBA THIALENE', 23, '2025-01-08 15:17:01', '2025-01-08 15:17:01'),
(102, 'KOUTHIABA WOLOF', 23, '2025-01-08 15:17:01', '2025-01-08 15:17:01'),
(103, 'MAKACOLIBANTANG', 27, '2025-01-08 15:17:01', '2025-01-08 15:17:01'),
(104, 'MISSIRAH', 27, '2025-01-08 15:17:01', '2025-01-08 15:17:01'),
(105, 'KOUSSANAR', 27, '2025-01-08 15:17:01', '2025-01-08 15:17:01'),
(106, 'FISSEL', 14, '2025-01-08 15:17:01', '2025-01-08 15:17:01'),
(107, 'SESSENE', 14, '2025-01-08 15:17:01', '2025-01-08 15:17:01'),
(108, 'SINDIA', 14, '2025-01-08 15:17:01', '2025-01-08 15:17:01'),
(109, 'THIES NORD', 1, '2025-01-08 15:17:01', '2025-01-08 15:17:01'),
(110, 'THIES SUD', 1, '2025-01-08 15:17:01', '2025-01-08 15:17:01'),
(111, 'THIENABA', 1, '2025-01-08 15:17:01', '2025-01-08 15:17:01'),
(112, 'KEUR MOUSSA', 1, '2025-01-08 15:17:01', '2025-01-08 15:17:01'),
(113, 'NOTTO', 1, '2025-01-08 15:17:01', '2025-01-08 15:17:01'),
(114, 'MEOUANE', 9, '2025-01-08 15:17:01', '2025-01-08 15:17:01'),
(115, 'MERINA DAKHAR', 9, '2025-01-08 15:17:01', '2025-01-08 15:17:01'),
(116, 'NIAKHENE', 9, '2025-01-08 15:17:01', '2025-01-08 15:17:01'),
(117, 'PAMBAL', 9, '2025-01-08 15:17:01', '2025-01-08 15:17:01'),
(118, 'NIAGUIS', 15, '2025-01-08 15:17:01', '2025-01-08 15:17:01'),
(119, 'NIASSIA', 15, '2025-01-08 15:17:01', '2025-01-08 15:17:01'),
(120, 'CABROUSSE', 11, '2025-01-08 15:17:01', '2025-01-08 15:17:01'),
(121, 'LOUDIA OUOLOF', 11, '2025-01-08 15:17:01', '2025-01-08 15:17:01'),
(122, 'KATABA 1', 18, '2025-01-08 15:17:01', '2025-01-08 15:17:01'),
(123, 'TENGHORI', 18, '2025-01-08 15:17:01', '2025-01-08 15:17:01'),
(124, 'TENDOUCK', 18, '2025-01-08 15:17:01', '2025-01-08 15:17:01'),
(125, 'SINDIAN', 18, '2025-01-08 15:17:01', '2025-01-08 15:17:01'),
(126, 'DAKAR PLATEAU', 5, '2025-01-08 15:17:01', '2025-01-08 15:17:01'),
(127, 'RAO', 19, '2025-01-08 15:17:01', '2025-01-08 15:17:01'),
(128, 'DAKAR', 5, '2025-01-08 15:17:01', '2025-01-08 15:17:01'),
(129, 'RUFISQUE', 17, '2025-01-08 15:17:01', '2025-01-08 15:17:01'),
(130, 'BAMBEY', 12, '2025-01-08 15:17:01', '2025-01-08 15:17:01'),
(131, 'DIOURBEL', 42, '2025-01-08 15:17:01', '2025-01-08 15:17:01'),
(132, 'MBACKE', 28, '2025-01-08 15:17:01', '2025-01-08 15:17:01'),
(133, 'FATICK', 2, '2025-01-08 15:17:01', '2025-01-08 15:17:01'),
(134, 'FOUNDIOUGNE', 24, '2025-01-08 15:17:01', '2025-01-08 15:17:01'),
(135, 'GOSSAS', 36, '2025-01-08 15:17:01', '2025-01-08 15:17:01'),
(136, 'BIRKILANE', 29, '2025-01-08 15:17:01', '2025-01-08 15:17:01'),
(137, 'KAFFRINE', 10, '2025-01-08 15:17:01', '2025-01-08 15:17:01'),
(138, 'KOUNGHEUL', 32, '2025-01-08 15:17:01', '2025-01-08 15:17:01'),
(139, 'MALEM HODAR', 46, '2025-01-08 15:17:01', '2025-01-08 15:17:01'),
(140, 'GUINGUINEO', 13, '2025-01-08 15:17:01', '2025-01-08 15:17:01'),
(141, 'KAOLACK', 3, '2025-01-08 15:17:01', '2025-01-08 15:17:01'),
(142, 'NIORO DU RIP', 7, '2025-01-08 15:17:01', '2025-01-08 15:17:01'),
(143, 'KEDOUGOU', 35, '2025-01-08 15:17:01', '2025-01-08 15:17:01'),
(144, 'SALEMATA', 40, '2025-01-08 15:17:01', '2025-01-08 15:17:01'),
(145, 'SARAYA', 44, '2025-01-08 15:17:01', '2025-01-08 15:17:01'),
(146, 'KOLDA', 25, '2025-01-08 15:17:01', '2025-01-08 15:17:01'),
(147, 'MEDINA YORO FOULAH', 30, '2025-01-08 15:17:01', '2025-01-08 15:17:01'),
(148, 'KEBEMER', 31, '2025-01-08 15:17:01', '2025-01-08 15:17:01'),
(149, 'LINGUERE', 4, '2025-01-08 15:17:01', '2025-01-08 15:17:01'),
(150, 'LOUGA', 33, '2025-01-08 15:17:01', '2025-01-08 15:17:01'),
(151, 'KANEL', 20, '2025-01-08 15:17:01', '2025-01-08 15:17:01'),
(152, 'MATAM', 26, '2025-01-08 15:17:01', '2025-01-08 15:17:01'),
(153, 'RANEROU FERLO', 41, '2025-01-08 15:17:01', '2025-01-08 15:17:01'),
(154, 'DAGANA', 38, '2025-01-08 15:17:01', '2025-01-08 15:17:01'),
(155, 'PODOR', 37, '2025-01-08 15:17:01', '2025-01-08 15:17:01'),
(156, 'BOUNKILING', 43, '2025-01-08 15:17:01', '2025-01-08 15:17:01'),
(157, 'GOUDOMP', 45, '2025-01-08 15:17:01', '2025-01-08 15:17:01'),
(158, 'SEDHIOU', 34, '2025-01-08 15:17:01', '2025-01-08 15:17:01'),
(159, 'BAKEL', 39, '2025-01-08 15:17:01', '2025-01-08 15:17:01'),
(160, 'GOUDIRY', 22, '2025-01-08 15:17:01', '2025-01-08 15:17:01'),
(161, 'KOUMPENTOUM', 23, '2025-01-08 15:17:01', '2025-01-08 15:17:01'),
(162, 'TAMBACOUNDA', 27, '2025-01-08 15:17:01', '2025-01-08 15:17:01'),
(163, 'MBOUR', 14, '2025-01-08 15:17:01', '2025-01-08 15:17:01'),
(164, 'THIES', 1, '2025-01-08 15:17:01', '2025-01-08 15:17:01'),
(165, 'TIVAOUANE', 9, '2025-01-08 15:17:01', '2025-01-08 15:17:01'),
(166, 'ZIGUINCHOR', 15, '2025-01-08 15:17:01', '2025-01-08 15:17:01'),
(167, 'BIGNONA', 18, '2025-01-08 15:17:01', '2025-01-08 15:17:01'),
(168, 'OUSSOUYE', 11, '2025-01-08 15:17:01', '2025-01-08 15:17:01'),
(169, 'SAINT LOUIS', 19, '2025-01-08 15:17:01', '2025-01-08 15:17:01');

-- --------------------------------------------------------

--
-- Structure de la table `communes`
--

CREATE TABLE `communes` (
  `id` bigint(20) UNSIGNED NOT NULL,
  `nom` varchar(255) NOT NULL,
  `departement_id` bigint(20) UNSIGNED NOT NULL,
  `arrondissement_id` bigint(20) UNSIGNED DEFAULT NULL,
  `created_at` timestamp NULL DEFAULT NULL,
  `updated_at` timestamp NULL DEFAULT NULL
) ENGINE=InnoDB DEFAULT CHARSET=utf8mb4 COLLATE=utf8mb4_unicode_ci;

--
-- Déchargement des données de la table `communes`
--

INSERT INTO `communes` (`id`, `nom`, `departement_id`, `arrondissement_id`, `created_at`, `updated_at`) VALUES
(1, 'GRAND DAKAR', 5, 1, '2025-01-12 17:32:02', '2025-01-12 17:32:02'),
(2, 'BISCUITERIE', 5, 1, '2025-01-12 17:32:02', '2025-01-12 17:32:02'),
(3, 'DIEUPPEUL DERKLE', 5, 1, '2025-01-12 17:32:02', '2025-01-12 17:32:02'),
(4, 'HANN BEL AIR', 5, 1, '2025-01-12 17:32:02', '2025-01-12 17:32:02'),
(5, 'SICAP LIBERTE', 5, 1, '2025-01-12 17:32:02', '2025-01-12 17:32:02'),
(6, 'H L M', 5, 1, '2025-01-12 17:32:02', '2025-01-12 17:32:02'),
(7, 'MERMOZ SACRE COEUR', 5, 2, '2025-01-12 17:32:02', '2025-01-12 17:32:02'),
(8, 'OUAKAM', 5, 2, '2025-01-12 17:32:02', '2025-01-12 17:32:02'),
(9, 'NGOR', 5, 2, '2025-01-12 17:32:02', '2025-01-12 17:32:02'),
(10, 'YOFF', 5, 2, '2025-01-12 17:32:02', '2025-01-12 17:32:02'),
(11, 'GRAND YOFF', 5, 3, '2025-01-12 17:32:02', '2025-01-12 17:32:02'),
(12, 'PATTE D OIE', 5, 3, '2025-01-12 17:32:02', '2025-01-12 17:32:02'),
(13, 'PARCELLES ASSAINIES', 5, 3, '2025-01-12 17:32:02', '2025-01-12 17:32:02'),
(14, 'CAMBERENE', 5, 3, '2025-01-12 17:32:02', '2025-01-12 17:32:02'),
(15, 'GOLF SUD', 6, 4, '2025-01-12 17:32:02', '2025-01-12 17:32:02'),
(16, 'SAM', 6, 4, '2025-01-12 17:32:02', '2025-01-12 17:32:02'),
(17, 'NDIAREME', 6, 5, '2025-01-12 17:32:02', '2025-01-12 17:32:02'),
(18, 'MEDINA GOUNASS', 6, 5, '2025-01-12 17:32:02', '2025-01-12 17:32:02'),
(19, 'WAKHINANE NIMZAT', 6, 5, '2025-01-12 17:32:02', '2025-01-12 17:32:02'),
(20, 'YEUMBEUL NORD', 16, 6, '2025-01-12 17:32:02', '2025-01-12 17:32:02'),
(21, 'YEUMBEUL SUD', 16, 6, '2025-01-12 17:32:02', '2025-01-12 17:32:02'),
(22, 'KEUR MASSAR NORD', 16, 7, '2025-01-12 17:32:02', '2025-01-12 17:32:02'),
(23, 'MALIKA', 16, 7, '2025-01-12 17:32:02', '2025-01-12 17:32:02'),
(24, 'KEUR MASSAR SUD', 16, 8, '2025-01-12 17:32:02', '2025-01-12 17:32:02'),
(25, 'JAXAAY-PARCELLES', 16, 8, '2025-01-12 17:32:02', '2025-01-12 17:32:02'),
(26, 'THIAROYE GARE', 8, 9, '2025-01-12 17:32:02', '2025-01-12 17:32:02'),
(27, 'MBAO', 8, 9, '2025-01-12 17:32:02', '2025-01-12 17:32:02'),
(28, 'THIAROYE SUR MER', 8, 9, '2025-01-12 17:32:02', '2025-01-12 17:32:02'),
(29, 'TIVAOUANE DIAKSAO', 8, 9, '2025-01-12 17:32:02', '2025-01-12 17:32:02'),
(30, 'DIAMAGUENE SICAP MBAO', 8, 9, '2025-01-12 17:32:02', '2025-01-12 17:32:02'),
(31, 'PIKINE OUEST', 8, 10, '2025-01-12 17:32:02', '2025-01-12 17:32:02'),
(32, 'PIKINE EST', 8, 10, '2025-01-12 17:32:02', '2025-01-12 17:32:02'),
(33, 'PIKINE NORD', 8, 10, '2025-01-12 17:32:02', '2025-01-12 17:32:02'),
(34, 'DALIFORT', 8, 10, '2025-01-12 17:32:02', '2025-01-12 17:32:02'),
(35, 'DJIDA THIAROYE KAO', 8, 10, '2025-01-12 17:32:02', '2025-01-12 17:32:02'),
(36, 'GUINAW RAIL NORD', 8, 10, '2025-01-12 17:32:02', '2025-01-12 17:32:02'),
(37, 'GUINAW RAIL SUD', 8, 10, '2025-01-12 17:32:02', '2025-01-12 17:32:02'),
(38, 'RUFISQUE OUEST', 17, 11, '2025-01-12 17:32:02', '2025-01-12 17:32:02'),
(39, 'RUFISQUE EST', 17, 11, '2025-01-12 17:32:02', '2025-01-12 17:32:02'),
(40, 'RUFISQUE NORD', 17, 11, '2025-01-12 17:32:02', '2025-01-12 17:32:02'),
(41, 'DIAMNIADIO', 17, 12, '2025-01-12 17:32:02', '2025-01-12 17:32:02'),
(42, 'YENE', 17, 12, '2025-01-12 17:32:02', '2025-01-12 17:32:02'),
(43, 'SEBIKOTANE', 17, 12, '2025-01-12 17:32:03', '2025-01-12 17:32:03'),
(44, 'SANGALKAM', 17, 13, '2025-01-12 17:32:03', '2025-01-12 17:32:03'),
(45, 'TIVAOUANE PEULH - NIAGA', 17, 13, '2025-01-12 17:32:03', '2025-01-12 17:32:03'),
(46, 'BAMBYLOR', 17, 13, '2025-01-12 17:32:03', '2025-01-12 17:32:03'),
(47, 'DINGUIRAYE  (BAMBEY)', 12, 14, '2025-01-12 17:32:03', '2025-01-12 17:32:03'),
(48, 'BABA GARAGE', 12, 14, '2025-01-12 17:32:03', '2025-01-12 17:32:03'),
(49, 'KEUR SAMBA KANE', 12, 14, '2025-01-12 17:32:03', '2025-01-12 17:32:03'),
(50, 'NGOYE', 12, 15, '2025-01-12 17:32:03', '2025-01-12 17:32:03'),
(51, 'THIAKHAR', 12, 15, '2025-01-12 17:32:03', '2025-01-12 17:32:03'),
(52, 'NDONDOL', 12, 15, '2025-01-12 17:32:03', '2025-01-12 17:32:03'),
(53, 'DANGALMA', 12, 15, '2025-01-12 17:32:03', '2025-01-12 17:32:03'),
(54, 'LAMBAYE', 12, 16, '2025-01-12 17:32:03', '2025-01-12 17:32:03'),
(55, 'REFANE', 12, 16, '2025-01-12 17:32:03', '2025-01-12 17:32:03'),
(56, 'GAWANE', 12, 16, '2025-01-12 17:32:03', '2025-01-12 17:32:03'),
(57, 'NGOGOM', 12, 16, '2025-01-12 17:32:03', '2025-01-12 17:32:03'),
(58, 'NDOULO', 42, 17, '2025-01-12 17:32:03', '2025-01-12 17:32:03'),
(59, 'NGOHE', 42, 17, '2025-01-12 17:32:03', '2025-01-12 17:32:03'),
(60, 'PATTAR', 42, 17, '2025-01-12 17:32:03', '2025-01-12 17:32:03'),
(61, 'TOCKY GARE', 42, 17, '2025-01-12 17:32:03', '2025-01-12 17:32:03'),
(62, 'TOURE MBONDE', 42, 17, '2025-01-12 17:32:03', '2025-01-12 17:32:03'),
(63, 'DANKH SENE', 42, 18, '2025-01-12 17:32:03', '2025-01-12 17:32:03'),
(64, 'GADE ESCALE', 42, 18, '2025-01-12 17:32:03', '2025-01-12 17:32:03'),
(65, 'KEUR NGALGOU', 42, 18, '2025-01-12 17:32:03', '2025-01-12 17:32:03'),
(66, 'NDINDY', 42, 18, '2025-01-12 17:32:03', '2025-01-12 17:32:03'),
(67, 'TAIBA MOUTOUPHA', 42, 18, '2025-01-12 17:32:03', '2025-01-12 17:32:03'),
(68, 'TOUBA LAPPE', 42, 18, '2025-01-12 17:32:03', '2025-01-12 17:32:03'),
(69, 'TOUBA MOSQUEE', 28, 19, '2025-01-12 17:32:03', '2025-01-12 17:32:03'),
(70, 'DALLA NGABOU', 28, 19, '2025-01-12 17:32:03', '2025-01-12 17:32:03'),
(71, 'MISSIRAH (MBACKE)', 28, 19, '2025-01-12 17:32:03', '2025-01-12 17:32:03'),
(72, 'NGHAYE', 28, 19, '2025-01-12 17:32:03', '2025-01-12 17:32:03'),
(73, 'TOUBA FALL', 28, 19, '2025-01-12 17:32:03', '2025-01-12 17:32:03'),
(74, 'DAROU SALAM TYP', 28, 20, '2025-01-12 17:32:03', '2025-01-12 17:32:03'),
(75, 'DAROU NAHIM', 28, 20, '2025-01-12 17:32:03', '2025-01-12 17:32:03'),
(76, 'KAEL', 28, 20, '2025-01-12 17:32:03', '2025-01-12 17:32:03'),
(77, 'MADINA', 28, 20, '2025-01-12 17:32:03', '2025-01-12 17:32:03'),
(78, 'TOUBA MBOUL', 28, 20, '2025-01-12 17:32:03', '2025-01-12 17:32:03'),
(79, 'TAIBA THIEKENE', 28, 20, '2025-01-12 17:32:03', '2025-01-12 17:32:03'),
(80, 'DANDEYE GOUYGUI', 28, 20, '2025-01-12 17:32:03', '2025-01-12 17:32:03'),
(81, 'NDIOUMANE', 28, 20, '2025-01-12 17:32:03', '2025-01-12 17:32:03'),
(82, 'TAIF', 28, 21, '2025-01-12 17:32:03', '2025-01-12 17:32:03'),
(83, 'SADIO', 28, 21, '2025-01-12 17:32:03', '2025-01-12 17:32:03'),
(84, 'DIAKHAO', 2, 22, '2025-01-12 17:32:03', '2025-01-12 17:32:03'),
(85, 'DIAOULE', 2, 22, '2025-01-12 17:32:03', '2025-01-12 17:32:03'),
(86, 'MBELLACADIAO', 2, 22, '2025-01-12 17:32:03', '2025-01-12 17:32:03'),
(87, 'NDIOB', 2, 22, '2025-01-12 17:32:03', '2025-01-12 17:32:03'),
(88, 'THIARE NDIALGUI', 2, 22, '2025-01-12 17:32:03', '2025-01-12 17:32:03'),
(89, 'DJILASS', 2, 23, '2025-01-12 17:32:03', '2025-01-12 17:32:03'),
(90, 'FIMELA', 2, 23, '2025-01-12 17:32:03', '2025-01-12 17:32:03'),
(91, 'LOUL SESSENE', 2, 23, '2025-01-12 17:32:03', '2025-01-12 17:32:03'),
(92, 'PALMARIN FACAO', 2, 23, '2025-01-12 17:32:03', '2025-01-12 17:32:03'),
(93, 'NIAKHAR', 2, 24, '2025-01-12 17:32:03', '2025-01-12 17:32:03'),
(94, 'NGAYOKHEME', 2, 24, '2025-01-12 17:32:03', '2025-01-12 17:32:03'),
(95, 'PATAR', 2, 24, '2025-01-12 17:32:03', '2025-01-12 17:32:03'),
(96, 'DIARRERE', 2, 25, '2025-01-12 17:32:03', '2025-01-12 17:32:03'),
(97, 'DIOUROUP', 2, 25, '2025-01-12 17:32:03', '2025-01-12 17:32:03'),
(98, 'TATTAGUINE', 2, 25, '2025-01-12 17:32:03', '2025-01-12 17:32:03'),
(99, 'KEUR SALOUM DIANE', 24, 26, '2025-01-12 17:32:03', '2025-01-12 17:32:03'),
(100, 'KEUR SAMBA GUEYE', 24, 26, '2025-01-12 17:32:03', '2025-01-12 17:32:03'),
(101, 'KARANG POSTE', 24, 26, '2025-01-12 17:32:03', '2025-01-12 17:32:03'),
(102, 'TOUBACOUTA', 24, 26, '2025-01-12 17:32:03', '2025-01-12 17:32:03'),
(103, 'NIORO ALASSANE TALL', 24, 26, '2025-01-12 17:32:03', '2025-01-12 17:32:03'),
(104, 'DIOSSONG', 24, 27, '2025-01-12 17:32:03', '2025-01-12 17:32:03'),
(105, 'DJILOR', 24, 27, '2025-01-12 17:32:03', '2025-01-12 17:32:03'),
(106, 'NIASSENE', 24, 27, '2025-01-12 17:32:03', '2025-01-12 17:32:03'),
(107, 'DIAGANE BARKA', 24, 27, '2025-01-12 17:32:03', '2025-01-12 17:32:03'),
(108, 'MBAM', 24, 27, '2025-01-12 17:32:03', '2025-01-12 17:32:03'),
(109, 'PASSI', 24, 27, '2025-01-12 17:32:03', '2025-01-12 17:32:03'),
(110, 'SOUM', 24, 27, '2025-01-12 17:32:03', '2025-01-12 17:32:03'),
(111, 'BASSOUL', 24, 28, '2025-01-12 17:32:03', '2025-01-12 17:32:03'),
(112, 'DIONEWAR', 24, 28, '2025-01-12 17:32:03', '2025-01-12 17:32:03'),
(113, 'DJIRNDA', 24, 28, '2025-01-12 17:32:03', '2025-01-12 17:32:03'),
(114, 'COLOBANE', 36, 29, '2025-01-12 17:32:03', '2025-01-12 17:32:03'),
(115, 'MBAR', 36, 29, '2025-01-12 17:32:03', '2025-01-12 17:32:03'),
(116, 'NDIENE LAGANE', 36, 30, '2025-01-12 17:32:03', '2025-01-12 17:32:03'),
(117, 'OUADIOUR', 36, 30, '2025-01-12 17:32:03', '2025-01-12 17:32:03'),
(118, 'PATAR LIA', 36, 30, '2025-01-12 17:32:03', '2025-01-12 17:32:03'),
(119, 'KEUR MBOUCKI', 29, 31, '2025-01-12 17:32:03', '2025-01-12 17:32:03'),
(120, 'TOUBA MBELLA', 29, 31, '2025-01-12 17:32:03', '2025-01-12 17:32:03'),
(121, 'DIAMAL', 29, 31, '2025-01-12 17:32:03', '2025-01-12 17:32:03'),
(122, 'MABO', 29, 32, '2025-01-12 17:32:03', '2025-01-12 17:32:03'),
(123, 'NDIOGNICK', 29, 32, '2025-01-12 17:32:03', '2025-01-12 17:32:03'),
(124, 'MBEULEUP', 29, 32, '2025-01-12 17:32:03', '2025-01-12 17:32:03'),
(125, 'SEGRE GATTA', 29, 32, '2025-01-12 17:32:03', '2025-01-12 17:32:03'),
(126, 'DIAMAGADIO', 10, 33, '2025-01-12 17:32:03', '2025-01-12 17:32:03'),
(127, 'DIOKOUL MBELBOUCK', 10, 33, '2025-01-12 17:32:03', '2025-01-12 17:32:03'),
(128, 'KATHIOTE', 10, 33, '2025-01-12 17:32:03', '2025-01-12 17:32:03'),
(129, 'MEDINATOUL SALAM 2', 10, 33, '2025-01-12 17:32:03', '2025-01-12 17:32:03'),
(130, 'NGANDA', 10, 33, '2025-01-12 17:32:03', '2025-01-12 17:32:03'),
(131, 'GNIBY', 10, 34, '2025-01-12 17:32:03', '2025-01-12 17:32:03'),
(132, 'BOULEL', 10, 34, '2025-01-12 17:32:03', '2025-01-12 17:32:03'),
(133, 'KAHI', 10, 34, '2025-01-12 17:32:03', '2025-01-12 17:32:03'),
(134, 'MISSIRAH WADENE', 32, 35, '2025-01-12 17:32:03', '2025-01-12 17:32:03'),
(135, 'MAKA YOP', 32, 35, '2025-01-12 17:32:03', '2025-01-12 17:32:03'),
(136, 'NGAINTHE PATE', 32, 35, '2025-01-12 17:32:03', '2025-01-12 17:32:03'),
(137, 'FASS THIEKENE', 32, 36, '2025-01-12 17:32:03', '2025-01-12 17:32:03'),
(138, 'SALY ESCALE', 32, 36, '2025-01-12 17:32:03', '2025-01-12 17:32:03'),
(139, 'IDA MOURIDE', 32, 36, '2025-01-12 17:32:03', '2025-01-12 17:32:03'),
(140, 'RIBOT ESCALE', 32, 37, '2025-01-12 17:32:03', '2025-01-12 17:32:03'),
(141, 'LOUR ESCALE', 32, 37, '2025-01-12 17:32:03', '2025-01-12 17:32:03'),
(142, 'DAROU MINAM', 46, 38, '2025-01-12 17:32:03', '2025-01-12 17:32:03'),
(143, 'KHELCOM', 46, 38, '2025-01-12 17:32:03', '2025-01-12 17:32:03'),
(144, 'NDIOUM NGAINTHE', 46, 38, '2025-01-12 17:32:03', '2025-01-12 17:32:03'),
(145, 'NDIOBENE SAMBA LAMO', 46, 38, '2025-01-12 17:32:03', '2025-01-12 17:32:03'),
(146, 'SAGNA', 46, 39, '2025-01-12 17:32:03', '2025-01-12 17:32:03'),
(147, 'DJANKE SOUF', 46, 39, '2025-01-12 17:32:03', '2025-01-12 17:32:03'),
(148, 'FASS', 13, 40, '2025-01-12 17:32:03', '2025-01-12 17:32:03'),
(149, 'KHELCOM BIRAME', 13, 40, '2025-01-12 17:32:03', '2025-01-12 17:32:03'),
(150, 'MBADAKHOUNE', 13, 40, '2025-01-12 17:32:03', '2025-01-12 17:32:03'),
(151, 'NDIAGO', 13, 40, '2025-01-12 17:32:03', '2025-01-12 17:32:03'),
(152, 'NGATHIE NAOUDE', 13, 40, '2025-01-12 17:32:03', '2025-01-12 17:32:03'),
(153, 'NGAGNICK', 13, 41, '2025-01-12 17:32:03', '2025-01-12 17:32:03'),
(154, 'MBOSS', 13, 41, '2025-01-12 17:32:03', '2025-01-12 17:32:03'),
(155, 'NGELLOU', 13, 41, '2025-01-12 17:32:03', '2025-01-12 17:32:03'),
(156, 'OUROUR', 13, 41, '2025-01-12 17:32:03', '2025-01-12 17:32:03'),
(157, 'DARA MBOSS', 13, 41, '2025-01-12 17:32:03', '2025-01-12 17:32:03'),
(158, 'PANAL WOLOF', 13, 41, '2025-01-12 17:32:03', '2025-01-12 17:32:03'),
(159, 'KEUR BAKA', 3, 42, '2025-01-12 17:32:03', '2025-01-12 17:32:03'),
(160, 'LATMINGUE', 3, 42, '2025-01-12 17:32:03', '2025-01-12 17:32:03'),
(161, 'NDOFFANE', 3, 42, '2025-01-12 17:32:03', '2025-01-12 17:32:03'),
(162, 'THIARE', 3, 42, '2025-01-12 17:32:03', '2025-01-12 17:32:03'),
(163, 'KEUR SOCE', 3, 43, '2025-01-12 17:32:03', '2025-01-12 17:32:03'),
(164, 'NDIAFFATE', 3, 43, '2025-01-12 17:32:03', '2025-01-12 17:32:03'),
(165, 'NDIEDIENG', 3, 43, '2025-01-12 17:32:03', '2025-01-12 17:32:03'),
(166, 'DYA', 3, 44, '2025-01-12 17:32:03', '2025-01-12 17:32:03'),
(167, 'GANDIAYE', 3, 44, '2025-01-12 17:32:03', '2025-01-12 17:32:03'),
(168, 'NDIEBEL', 3, 44, '2025-01-12 17:32:03', '2025-01-12 17:32:03'),
(169, 'SIBASSOR', 3, 44, '2025-01-12 17:32:03', '2025-01-12 17:32:03'),
(170, 'THIOMBY', 3, 44, '2025-01-12 17:32:03', '2025-01-12 17:32:03'),
(171, 'KAYEMOR', 7, 45, '2025-01-12 17:32:03', '2025-01-12 17:32:03'),
(172, 'MEDINA SABAKH', 7, 45, '2025-01-12 17:32:03', '2025-01-12 17:32:03'),
(173, 'NGAYENE', 7, 45, '2025-01-12 17:32:03', '2025-01-12 17:32:03'),
(174, 'GAINTE KAYE', 7, 46, '2025-01-12 17:32:03', '2025-01-12 17:32:03'),
(175, 'PAOSKOTO', 7, 46, '2025-01-12 17:32:03', '2025-01-12 17:32:03'),
(176, 'POROKHANE', 7, 46, '2025-01-12 17:32:03', '2025-01-12 17:32:03'),
(177, 'TAIBA NIASSENE', 7, 46, '2025-01-12 17:32:03', '2025-01-12 17:32:03'),
(178, 'DABALY', 7, 46, '2025-01-12 17:32:03', '2025-01-12 17:32:03'),
(179, 'DAROU SALAM', 7, 46, '2025-01-12 17:32:03', '2025-01-12 17:32:03'),
(180, 'KEUR MABA DIAKHOU', 7, 47, '2025-01-12 17:32:03', '2025-01-12 17:32:03'),
(181, 'KEUR MADIABEL', 7, 47, '2025-01-12 17:32:03', '2025-01-12 17:32:03'),
(182, 'KEUR MADONGO', 7, 47, '2025-01-12 17:32:03', '2025-01-12 17:32:03'),
(183, 'NDRAME ESCALE', 7, 47, '2025-01-12 17:32:03', '2025-01-12 17:32:03'),
(184, 'WACK NGOUNA', 7, 47, '2025-01-12 17:32:03', '2025-01-12 17:32:03'),
(185, 'NINEFECHA', 35, 48, '2025-01-12 17:32:03', '2025-01-12 17:32:03'),
(186, 'BANDAFASSI', 35, 48, '2025-01-12 17:32:03', '2025-01-12 17:32:03'),
(187, 'TOMBORONKOTO', 35, 48, '2025-01-12 17:32:03', '2025-01-12 17:32:03'),
(188, 'DINDEFELO', 35, 48, '2025-01-12 17:32:03', '2025-01-12 17:32:03'),
(189, 'FONGOLIMBI', 35, 49, '2025-01-12 17:32:03', '2025-01-12 17:32:03'),
(190, 'DIMBOLI', 35, 49, '2025-01-12 17:32:03', '2025-01-12 17:32:03'),
(191, 'KEVOYE', 40, 50, '2025-01-12 17:32:03', '2025-01-12 17:32:03'),
(192, 'DAKATELY', 40, 50, '2025-01-12 17:32:03', '2025-01-12 17:32:03'),
(193, 'ETHIOLO', 40, 51, '2025-01-12 17:32:03', '2025-01-12 17:32:03'),
(194, 'OUBADJI', 40, 51, '2025-01-12 17:32:03', '2025-01-12 17:32:03'),
(195, 'DAR SALAM', 40, 51, '2025-01-12 17:32:03', '2025-01-12 17:32:03'),
(196, 'BEMBOU', 44, 52, '2025-01-12 17:32:03', '2025-01-12 17:32:03'),
(197, 'MEDINA BAFFE', 44, 52, '2025-01-12 17:32:03', '2025-01-12 17:32:03'),
(198, 'SABODOLA', 44, 53, '2025-01-12 17:32:03', '2025-01-12 17:32:03'),
(199, 'KHOSSANTO', 44, 53, '2025-01-12 17:32:03', '2025-01-12 17:32:03'),
(200, 'MISSIRAH SIRIMANA', 44, 53, '2025-01-12 17:32:03', '2025-01-12 17:32:03'),
(201, 'DIALAMBERE', 25, 54, '2025-01-12 17:32:03', '2025-01-12 17:32:03'),
(202, 'MEDINA CHERIF', 25, 54, '2025-01-12 17:32:03', '2025-01-12 17:32:03'),
(203, 'MAMPATIM', 25, 54, '2025-01-12 17:32:03', '2025-01-12 17:32:03'),
(204, 'BAGADAJI', 25, 54, '2025-01-12 17:32:03', '2025-01-12 17:32:03'),
(205, 'COUMBACARA', 25, 54, '2025-01-12 17:32:03', '2025-01-12 17:32:03'),
(206, 'DABO', 25, 54, '2025-01-12 17:32:03', '2025-01-12 17:32:03'),
(207, 'THIETTY', 25, 55, '2025-01-12 17:32:03', '2025-01-12 17:32:03'),
(208, 'SARE BIDJI', 25, 55, '2025-01-12 17:32:03', '2025-01-12 17:32:03'),
(209, 'GUIRO YERO BOCAR', 25, 56, '2025-01-12 17:32:03', '2025-01-12 17:32:03'),
(210, 'DIOULACOLON', 25, 56, '2025-01-12 17:32:03', '2025-01-12 17:32:03'),
(211, 'TANKANTO ESCALE', 25, 56, '2025-01-12 17:32:03', '2025-01-12 17:32:03'),
(212, 'MEDINA EL HADJI', 25, 56, '2025-01-12 17:32:03', '2025-01-12 17:32:03'),
(213, 'SALIKEGNE', 25, 56, '2025-01-12 17:32:03', '2025-01-12 17:32:03'),
(214, 'SARE YOBA DIEGA', 25, 56, '2025-01-12 17:32:03', '2025-01-12 17:32:03'),
(215, 'BADION', 30, 57, '2025-01-12 17:32:03', '2025-01-12 17:32:03'),
(216, 'FAFACOUROU', 30, 57, '2025-01-12 17:32:03', '2025-01-12 17:32:03'),
(217, 'BOUROUCO', 30, 58, '2025-01-12 17:32:03', '2025-01-12 17:32:03'),
(218, 'BIGNARABE', 30, 58, '2025-01-12 17:32:03', '2025-01-12 17:32:03'),
(219, 'NDORNA', 30, 58, '2025-01-12 17:32:03', '2025-01-12 17:32:03'),
(220, 'KOULINTO', 30, 58, '2025-01-12 17:32:03', '2025-01-12 17:32:03'),
(221, 'DINGUIRAYE  (M.Y.F.)', 30, 59, '2025-01-12 17:32:03', '2025-01-12 17:32:03'),
(222, 'PATA', 30, 59, '2025-01-12 17:32:03', '2025-01-12 17:32:03'),
(223, 'NIAMING', 30, 59, '2025-01-12 17:32:03', '2025-01-12 17:32:03'),
(224, 'KEREWANE', 30, 59, '2025-01-12 17:32:03', '2025-01-12 17:32:03'),
(225, 'SARE COLI SALLE', 21, 60, '2025-01-12 17:32:03', '2025-01-12 17:32:03'),
(226, 'KANDIA', 21, 60, '2025-01-12 17:32:03', '2025-01-12 17:32:03'),
(227, 'KANDIAYE', 21, 60, '2025-01-12 17:32:03', '2025-01-12 17:32:03'),
(228, 'KOUNKANE', 21, 60, '2025-01-12 17:32:03', '2025-01-12 17:32:03'),
(229, 'DIAOBE KABENDOU', 21, 60, '2025-01-12 17:32:03', '2025-01-12 17:32:03'),
(230, 'NEMATABA', 21, 60, '2025-01-12 17:32:03', '2025-01-12 17:32:03'),
(231, 'PAKOUR', 21, 61, '2025-01-12 17:32:03', '2025-01-12 17:32:03'),
(232, 'PAROUMBA', 21, 61, '2025-01-12 17:32:03', '2025-01-12 17:32:03'),
(233, 'OUASSADOU', 21, 61, '2025-01-12 17:32:03', '2025-01-12 17:32:03'),
(234, 'BONCONTO', 21, 62, '2025-01-12 17:32:03', '2025-01-12 17:32:03'),
(235, 'LINKERING', 21, 62, '2025-01-12 17:32:03', '2025-01-12 17:32:03'),
(236, 'MEDINA GOUNASSE', 21, 62, '2025-01-12 17:32:03', '2025-01-12 17:32:03'),
(237, 'SINTHIANG KOUNDARA', 21, 62, '2025-01-12 17:32:03', '2025-01-12 17:32:03'),
(238, 'BANDEGNE OUOLOF', 31, 63, '2025-01-12 17:32:03', '2025-01-12 17:32:03'),
(239, 'DIOKOUL NDIAWRIGNE', 31, 63, '2025-01-12 17:32:03', '2025-01-12 17:32:03'),
(240, 'GUEOUL', 31, 63, '2025-01-12 17:32:03', '2025-01-12 17:32:03'),
(241, 'KAB GAYE', 31, 63, '2025-01-12 17:32:03', '2025-01-12 17:32:03'),
(242, 'NDANDE', 31, 63, '2025-01-12 17:32:03', '2025-01-12 17:32:03'),
(243, 'THIEP', 31, 63, '2025-01-12 17:32:03', '2025-01-12 17:32:03'),
(244, 'MBACKE CAJOR', 31, 64, '2025-01-12 17:32:03', '2025-01-12 17:32:03'),
(245, 'DAROU MARNANE', 31, 64, '2025-01-12 17:32:03', '2025-01-12 17:32:03'),
(246, 'DAROU MOUSTI', 31, 64, '2025-01-12 17:32:03', '2025-01-12 17:32:03'),
(247, 'MBADIANE', 31, 64, '2025-01-12 17:32:03', '2025-01-12 17:32:03'),
(248, 'NDOYENE', 31, 64, '2025-01-12 17:32:03', '2025-01-12 17:32:03'),
(249, 'SAM YABAL', 31, 64, '2025-01-12 17:32:03', '2025-01-12 17:32:03'),
(250, 'TOUBA MERINA', 31, 64, '2025-01-12 17:32:03', '2025-01-12 17:32:03'),
(251, 'NGOURANE OUOLOF', 31, 65, '2025-01-12 17:32:03', '2025-01-12 17:32:03'),
(252, 'THIOLOM FALL', 31, 65, '2025-01-12 17:32:03', '2025-01-12 17:32:03'),
(253, 'SAGATA GUETH', 31, 65, '2025-01-12 17:32:03', '2025-01-12 17:32:03'),
(254, 'KANENE NDIOB', 31, 65, '2025-01-12 17:32:03', '2025-01-12 17:32:03'),
(255, 'LORO', 31, 65, '2025-01-12 17:32:03', '2025-01-12 17:32:03'),
(256, 'BARKEDJI', 4, 66, '2025-01-12 17:32:03', '2025-01-12 17:32:03'),
(257, 'GASSANE', 4, 66, '2025-01-12 17:32:03', '2025-01-12 17:32:03'),
(258, 'THIARGNY', 4, 66, '2025-01-12 17:32:03', '2025-01-12 17:32:03'),
(259, 'THIEL', 4, 66, '2025-01-12 17:32:03', '2025-01-12 17:32:03'),
(260, 'BOULAL', 4, 67, '2025-01-12 17:32:03', '2025-01-12 17:32:03'),
(261, 'DEALY', 4, 67, '2025-01-12 17:32:03', '2025-01-12 17:32:03'),
(262, 'THIAMENE PASSE', 4, 67, '2025-01-12 17:32:03', '2025-01-12 17:32:03'),
(263, 'AFFE DJOLOF', 4, 67, '2025-01-12 17:32:03', '2025-01-12 17:32:03'),
(264, 'SAGATTA DJOLOF', 4, 67, '2025-01-12 17:32:03', '2025-01-12 17:32:03'),
(265, 'DODJI', 4, 68, '2025-01-12 17:32:03', '2025-01-12 17:32:03'),
(266, 'LABGAR', 4, 68, '2025-01-12 17:32:03', '2025-01-12 17:32:03'),
(267, 'OUARKHOKH', 4, 68, '2025-01-12 17:32:03', '2025-01-12 17:32:03'),
(268, 'KAMBE', 4, 69, '2025-01-12 17:32:03', '2025-01-12 17:32:03'),
(269, 'MBEULEUKHE', 4, 69, '2025-01-12 17:32:03', '2025-01-12 17:32:03'),
(270, 'MBOULA', 4, 69, '2025-01-12 17:32:03', '2025-01-12 17:32:03'),
(271, 'TESSEKERE FORAGE', 4, 69, '2025-01-12 17:32:03', '2025-01-12 17:32:03'),
(272, 'YANG YANG', 4, 69, '2025-01-12 17:32:03', '2025-01-12 17:32:03'),
(273, 'KOKI', 33, 70, '2025-01-12 17:32:03', '2025-01-12 17:32:03'),
(274, 'PETE OUARACK', 33, 70, '2025-01-12 17:32:03', '2025-01-12 17:32:03'),
(275, 'GUET ARDO', 33, 70, '2025-01-12 17:32:03', '2025-01-12 17:32:03'),
(276, 'NDIAGNE', 33, 70, '2025-01-12 17:32:03', '2025-01-12 17:32:03'),
(277, 'THIAMENE CAYOR', 33, 70, '2025-01-12 17:32:03', '2025-01-12 17:32:03'),
(278, 'KEUR MOMAR SARR', 33, 71, '2025-01-12 17:32:03', '2025-01-12 17:32:03'),
(279, 'NGUER MALAL', 33, 71, '2025-01-12 17:32:03', '2025-01-12 17:32:03'),
(280, 'SYER', 33, 71, '2025-01-12 17:32:03', '2025-01-12 17:32:03'),
(281, 'GANDE', 33, 71, '2025-01-12 17:32:03', '2025-01-12 17:32:03'),
(282, 'MBEDIENE', 33, 72, '2025-01-12 17:32:03', '2025-01-12 17:32:03'),
(283, 'NIOMRE', 33, 72, '2025-01-12 17:32:03', '2025-01-12 17:32:03'),
(284, 'NGUIDILE', 33, 72, '2025-01-12 17:32:03', '2025-01-12 17:32:03'),
(285, 'KELLE GUEYE', 33, 72, '2025-01-12 17:32:03', '2025-01-12 17:32:03'),
(286, 'LEONA', 33, 73, '2025-01-12 17:32:04', '2025-01-12 17:32:04'),
(287, 'NGUEUNE SARR', 33, 73, '2025-01-12 17:32:04', '2025-01-12 17:32:04'),
(288, 'SAKAL', 33, 73, '2025-01-12 17:32:04', '2025-01-12 17:32:04'),
(289, 'WOURO SIDY', 20, 74, '2025-01-12 17:32:04', '2025-01-12 17:32:04'),
(290, 'NDENDORY', 20, 74, '2025-01-12 17:32:04', '2025-01-12 17:32:04'),
(291, 'HAMADI HOUNARE', 20, 74, '2025-01-12 17:32:04', '2025-01-12 17:32:04'),
(292, 'SINTHIOU BAMAMBE BANADJI', 20, 74, '2025-01-12 17:32:04', '2025-01-12 17:32:04'),
(293, 'ODOBERE', 20, 74, '2025-01-12 17:32:04', '2025-01-12 17:32:04'),
(294, 'AOURE', 20, 75, '2025-01-12 17:32:04', '2025-01-12 17:32:04'),
(295, 'BOKILADJI', 20, 75, '2025-01-12 17:32:04', '2025-01-12 17:32:04'),
(296, 'OUAOUNDE', 20, 75, '2025-01-12 17:32:04', '2025-01-12 17:32:04'),
(297, 'ORKADIERE', 20, 75, '2025-01-12 17:32:04', '2025-01-12 17:32:04'),
(298, 'DEMBANCANE', 20, 75, '2025-01-12 17:32:04', '2025-01-12 17:32:04'),
(299, 'SEMME', 20, 75, '2025-01-12 17:32:04', '2025-01-12 17:32:04'),
(300, 'DABIA', 26, 76, '2025-01-12 17:32:04', '2025-01-12 17:32:04'),
(301, 'DES AGNAM (AGNAM CIVOL)', 26, 76, '2025-01-12 17:32:04', '2025-01-12 17:32:04'),
(302, 'THILOGNE', 26, 76, '2025-01-12 17:32:04', '2025-01-12 17:32:04'),
(303, 'NGUIDJILONE', 26, 76, '2025-01-12 17:32:04', '2025-01-12 17:32:04'),
(304, 'OREFONDE', 26, 76, '2025-01-12 17:32:04', '2025-01-12 17:32:04'),
(305, 'BOKIDIAVE', 26, 77, '2025-01-12 17:32:04', '2025-01-12 17:32:04'),
(306, 'NABADJI CIVOL', 26, 77, '2025-01-12 17:32:04', '2025-01-12 17:32:04'),
(307, 'OGO', 26, 77, '2025-01-12 17:32:04', '2025-01-12 17:32:04'),
(308, 'LOUGRE THIOLY', 21, 78, '2025-01-12 17:32:04', '2025-01-12 17:32:04'),
(309, 'OUDALAYE', 21, 78, '2025-01-12 17:32:04', '2025-01-12 17:32:04'),
(310, 'VELINGARA  (RANEROU)', 21, 78, '2025-01-12 17:32:04', '2025-01-12 17:32:04'),
(311, 'GNITH', 38, 79, '2025-01-12 17:32:04', '2025-01-12 17:32:04'),
(312, 'DIAMA', 38, 79, '2025-01-12 17:32:04', '2025-01-12 17:32:04'),
(313, 'ROSSO SENEGAL', 38, 79, '2025-01-12 17:32:04', '2025-01-12 17:32:04'),
(314, 'ROSS BETHIO', 38, 79, '2025-01-12 17:32:04', '2025-01-12 17:32:04'),
(315, 'RONKH', 38, 79, '2025-01-12 17:32:04', '2025-01-12 17:32:04'),
(316, 'BOKHOL', 38, 80, '2025-01-12 17:32:04', '2025-01-12 17:32:04'),
(317, 'GAE', 38, 80, '2025-01-12 17:32:04', '2025-01-12 17:32:04'),
(318, 'NDOMBO SANDJIRY', 38, 80, '2025-01-12 17:32:04', '2025-01-12 17:32:04'),
(319, 'MBANE', 38, 80, '2025-01-12 17:32:04', '2025-01-12 17:32:04'),
(320, 'MERI', 37, 81, '2025-01-12 17:32:04', '2025-01-12 17:32:04'),
(321, 'DOUMGA LAO', 37, 81, '2025-01-12 17:32:04', '2025-01-12 17:32:04'),
(322, 'GOLLERE', 37, 81, '2025-01-12 17:32:04', '2025-01-12 17:32:04'),
(323, 'MBOUMBA', 37, 81, '2025-01-12 17:32:04', '2025-01-12 17:32:04'),
(324, 'WALALDE', 37, 81, '2025-01-12 17:32:04', '2025-01-12 17:32:04'),
(325, 'AERE LAO', 37, 81, '2025-01-12 17:32:04', '2025-01-12 17:32:04'),
(326, 'MADINA NDIATHBE', 37, 81, '2025-01-12 17:32:04', '2025-01-12 17:32:04'),
(327, 'DODEL', 37, 82, '2025-01-12 17:32:04', '2025-01-12 17:32:04'),
(328, 'GUEDE CHANTIER', 37, 82, '2025-01-12 17:32:04', '2025-01-12 17:32:04'),
(329, 'DEMETTE', 37, 82, '2025-01-12 17:32:04', '2025-01-12 17:32:04'),
(330, 'BODE LAO', 37, 82, '2025-01-12 17:32:04', '2025-01-12 17:32:04'),
(331, 'GUEDE VILLAGE', 37, 82, '2025-01-12 17:32:04', '2025-01-12 17:32:04'),
(332, 'GAMADJI SARE', 37, 82, '2025-01-12 17:32:04', '2025-01-12 17:32:04'),
(333, 'FANAYE', 37, 83, '2025-01-12 17:32:04', '2025-01-12 17:32:04'),
(334, 'NIANDANE', 37, 83, '2025-01-12 17:32:04', '2025-01-12 17:32:04'),
(335, 'NDIAYENE PEINDAO', 37, 83, '2025-01-12 17:32:04', '2025-01-12 17:32:04'),
(336, 'MBOLO BIRANE', 37, 84, '2025-01-12 17:32:04', '2025-01-12 17:32:04'),
(337, 'GALOYA TOUCOULEUR', 37, 84, '2025-01-12 17:32:04', '2025-01-12 17:32:04'),
(338, 'PETE', 37, 84, '2025-01-12 17:32:04', '2025-01-12 17:32:04'),
(339, 'BOKE DIALLOUBE', 37, 84, '2025-01-12 17:32:04', '2025-01-12 17:32:04'),
(340, 'BOGHAL', 43, 85, '2025-01-12 17:32:04', '2025-01-12 17:32:04'),
(341, 'TANKON', 43, 85, '2025-01-12 17:32:04', '2025-01-12 17:32:04'),
(342, 'NDIAMACOUTA', 43, 85, '2025-01-12 17:32:04', '2025-01-12 17:32:04'),
(343, 'NDIAMALATHIEL', 43, 85, '2025-01-12 17:32:04', '2025-01-12 17:32:04'),
(344, 'DJINANY', 43, 85, '2025-01-12 17:32:04', '2025-01-12 17:32:04'),
(345, 'DIACOUNDA', 43, 86, '2025-01-12 17:32:04', '2025-01-12 17:32:04'),
(346, 'INOR', 43, 86, '2025-01-12 17:32:04', '2025-01-12 17:32:04'),
(347, 'KANDION MANGANA', 43, 86, '2025-01-12 17:32:04', '2025-01-12 17:32:04'),
(348, 'BONA', 43, 86, '2025-01-12 17:32:04', '2025-01-12 17:32:04'),
(349, 'DIAMBATY', 43, 87, '2025-01-12 17:32:04', '2025-01-12 17:32:04'),
(350, 'MADINA WANDIFA', 43, 87, '2025-01-12 17:32:04', '2025-01-12 17:32:04'),
(351, 'FAOUNE', 43, 87, '2025-01-12 17:32:04', '2025-01-12 17:32:04'),
(352, 'DIAROUME', 43, 87, '2025-01-12 17:32:04', '2025-01-12 17:32:04'),
(353, 'YARANG BALANTE', 45, 88, '2025-01-12 17:32:04', '2025-01-12 17:32:04'),
(354, 'MANGAROUNGOU SANTO', 45, 88, '2025-01-12 17:32:04', '2025-01-12 17:32:04'),
(355, 'SIMBANDI BALANTE', 45, 88, '2025-01-12 17:32:04', '2025-01-12 17:32:04'),
(356, 'DJIBANAR', 45, 88, '2025-01-12 17:32:04', '2025-01-12 17:32:04'),
(357, 'DIATTACOUNDA', 45, 88, '2025-01-12 17:32:04', '2025-01-12 17:32:04'),
(358, 'SAMINE', 45, 88, '2025-01-12 17:32:04', '2025-01-12 17:32:04'),
(359, 'KAOUR', 45, 88, '2025-01-12 17:32:04', '2025-01-12 17:32:04'),
(360, 'DIOUDOUBOU', 45, 89, '2025-01-12 17:32:04', '2025-01-12 17:32:04'),
(361, 'SIMBANDI BRASSOU', 45, 89, '2025-01-12 17:32:04', '2025-01-12 17:32:04'),
(362, 'BAGHERE', 45, 89, '2025-01-12 17:32:04', '2025-01-12 17:32:04'),
(363, 'NIAGHA', 45, 89, '2025-01-12 17:32:04', '2025-01-12 17:32:04'),
(364, 'TANAFF', 45, 89, '2025-01-12 17:32:04', '2025-01-12 17:32:04'),
(365, 'KARANTABA', 45, 90, '2025-01-12 17:32:04', '2025-01-12 17:32:04'),
(366, 'KOLIBANTANG', 45, 90, '2025-01-12 17:32:04', '2025-01-12 17:32:04'),
(367, 'BAMBALI', 34, 91, '2025-01-12 17:32:04', '2025-01-12 17:32:04'),
(368, 'DJIREDJI', 34, 91, '2025-01-12 17:32:04', '2025-01-12 17:32:04'),
(369, 'DIANNAH BA', 34, 92, '2025-01-12 17:32:04', '2025-01-12 17:32:04'),
(370, 'DIANAH MALARY', 34, 92, '2025-01-12 17:32:04', '2025-01-12 17:32:04'),
(371, 'KOUSSY', 34, 92, '2025-01-12 17:32:04', '2025-01-12 17:32:04'),
(372, 'OUDOUCAR', 34, 92, '2025-01-12 17:32:04', '2025-01-12 17:32:04'),
(373, 'SAKAR', 34, 92, '2025-01-12 17:32:04', '2025-01-12 17:32:04'),
(374, 'SAME KANTA PEULH', 34, 92, '2025-01-12 17:32:04', '2025-01-12 17:32:04'),
(375, 'DIENDE', 34, 92, '2025-01-12 17:32:04', '2025-01-12 17:32:04'),
(376, 'SANSAMBA', 34, 93, '2025-01-12 17:32:04', '2025-01-12 17:32:04'),
(377, 'BEMET BIDJINI', 34, 93, '2025-01-12 17:32:04', '2025-01-12 17:32:04'),
(378, 'DJIBABOUYA', 34, 93, '2025-01-12 17:32:04', '2025-01-12 17:32:04'),
(379, 'BELE', 39, 94, '2025-01-12 17:32:04', '2025-01-12 17:32:04'),
(380, 'KIDIRA', 39, 94, '2025-01-12 17:32:04', '2025-01-12 17:32:04'),
(381, 'SINTHIOU FISSA', 39, 94, '2025-01-12 17:32:04', '2025-01-12 17:32:04'),
(382, 'TOUMBOURA', 39, 95, '2025-01-12 17:32:04', '2025-01-12 17:32:04'),
(383, 'SADATOU', 39, 95, '2025-01-12 17:32:04', '2025-01-12 17:32:04'),
(384, 'MADINA FOULBE', 39, 95, '2025-01-12 17:32:04', '2025-01-12 17:32:04'),
(385, 'GATHIARI', 39, 95, '2025-01-12 17:32:04', '2025-01-12 17:32:04'),
(386, 'MOUDERI', 39, 96, '2025-01-12 17:32:04', '2025-01-12 17:32:04'),
(387, 'BALLOU', 39, 96, '2025-01-12 17:32:04', '2025-01-12 17:32:04'),
(388, 'DIAWARA', 39, 96, '2025-01-12 17:32:04', '2025-01-12 17:32:04'),
(389, 'GABOU', 39, 96, '2025-01-12 17:32:04', '2025-01-12 17:32:04'),
(390, 'BOYNGUEL BAMBA', 22, 97, '2025-01-12 17:32:04', '2025-01-12 17:32:04'),
(391, 'SINTHIOU MAMADOU BOUBOU', 22, 97, '2025-01-12 17:32:04', '2025-01-12 17:32:04'),
(392, 'KOUSSAN', 22, 97, '2025-01-12 17:32:04', '2025-01-12 17:32:04'),
(393, 'DOUGUE', 22, 97, '2025-01-12 17:32:04', '2025-01-12 17:32:04'),
(394, 'BANI ISRAEL', 22, 98, '2025-01-12 17:32:04', '2025-01-12 17:32:04'),
(395, 'BOUTOUCOUFARA', 22, 98, '2025-01-12 17:32:04', '2025-01-12 17:32:04'),
(396, 'DIANKE MAKHA', 22, 98, '2025-01-12 17:32:04', '2025-01-12 17:32:04'),
(397, 'KOMOTI', 22, 98, '2025-01-12 17:32:04', '2025-01-12 17:32:04'),
(398, 'KOULOR', 22, 99, '2025-01-12 17:32:04', '2025-01-12 17:32:04'),
(399, 'KOTHIARY', 22, 99, '2025-01-12 17:32:04', '2025-01-12 17:32:04'),
(400, 'SINTHIOU BOCAR ALY', 22, 99, '2025-01-12 17:32:04', '2025-01-12 17:32:04'),
(401, 'BALA', 22, 100, '2025-01-12 17:32:04', '2025-01-12 17:32:04'),
(402, 'GOUMBAYEL', 22, 100, '2025-01-12 17:32:04', '2025-01-12 17:32:04'),
(403, 'KOAR', 22, 100, '2025-01-12 17:32:04', '2025-01-12 17:32:04'),
(404, 'BAMBA THIALENE', 23, 101, '2025-01-12 17:32:04', '2025-01-12 17:32:04'),
(405, 'KAHENE', 23, 101, '2025-01-12 17:32:04', '2025-01-12 17:32:04'),
(406, 'MERETO', 23, 101, '2025-01-12 17:32:04', '2025-01-12 17:32:04'),
(407, 'NDAM', 23, 101, '2025-01-12 17:32:04', '2025-01-12 17:32:04'),
(408, 'KOUTHIA GAYDI', 23, 102, '2025-01-12 17:32:04', '2025-01-12 17:32:04'),
(409, 'KOUTHIABA WOLOF', 23, 102, '2025-01-12 17:32:04', '2025-01-12 17:32:04'),
(410, 'MALEME NIANI', 23, 102, '2025-01-12 17:32:04', '2025-01-12 17:32:04'),
(411, 'PASS KOTO', 23, 102, '2025-01-12 17:32:04', '2025-01-12 17:32:04'),
(412, 'PAYAR', 23, 102, '2025-01-12 17:32:04', '2025-01-12 17:32:04'),
(413, 'MAKACOLIBANTANG', 27, 103, '2025-01-12 17:32:04', '2025-01-12 17:32:04'),
(414, 'NDOGA BABACAR', 27, 103, '2025-01-12 17:32:04', '2025-01-12 17:32:04'),
(415, 'NIANI TOUCOULEUR', 27, 103, '2025-01-12 17:32:04', '2025-01-12 17:32:04'),
(416, 'DIALOKOTO', 27, 104, '2025-01-12 17:32:04', '2025-01-12 17:32:04'),
(417, 'MISSIRAH (TAMBA)', 27, 104, '2025-01-12 17:32:04', '2025-01-12 17:32:04'),
(418, 'NETTEBOULOU', 27, 104, '2025-01-12 17:32:04', '2025-01-12 17:32:04'),
(419, 'KOUSSANAR', 27, 105, '2025-01-12 17:32:04', '2025-01-12 17:32:04'),
(420, 'SINTHIOU MALEME', 27, 105, '2025-01-12 17:32:04', '2025-01-12 17:32:04'),
(421, 'FISSEL', 14, 106, '2025-01-12 17:32:04', '2025-01-12 17:32:04'),
(422, 'NDIAGANIAO', 14, 106, '2025-01-12 17:32:04', '2025-01-12 17:32:04'),
(423, 'NGUENIENE', 14, 107, '2025-01-12 17:32:04', '2025-01-12 17:32:04'),
(424, 'SANDIARA', 14, 107, '2025-01-12 17:32:04', '2025-01-12 17:32:04'),
(425, 'THIADIAYE', 14, 107, '2025-01-12 17:32:04', '2025-01-12 17:32:04'),
(426, 'SESSENE', 14, 107, '2025-01-12 17:32:04', '2025-01-12 17:32:04'),
(427, 'DIASS', 14, 108, '2025-01-12 17:32:04', '2025-01-12 17:32:04'),
(428, 'MALICOUNDA', 14, 108, '2025-01-12 17:32:04', '2025-01-12 17:32:04'),
(429, 'NGUEKHOKH', 14, 108, '2025-01-12 17:32:04', '2025-01-12 17:32:04'),
(430, 'SALY PORTUDAL', 14, 108, '2025-01-12 17:32:04', '2025-01-12 17:32:04'),
(431, 'NGAPAROU', 14, 108, '2025-01-12 17:32:04', '2025-01-12 17:32:04'),
(432, 'SOMONE', 14, 108, '2025-01-12 17:32:04', '2025-01-12 17:32:04'),
(433, 'POPENGUINE', 14, 108, '2025-01-12 17:32:04', '2025-01-12 17:32:04'),
(434, 'SINDIA', 14, 108, '2025-01-12 17:32:04', '2025-01-12 17:32:04'),
(435, 'THIES NORD', 1, 109, '2025-01-12 17:32:04', '2025-01-12 17:32:04'),
(436, 'THIES EST', 1, 110, '2025-01-12 17:32:04', '2025-01-12 17:32:04'),
(437, 'THIES OUEST', 1, 110, '2025-01-12 17:32:04', '2025-01-12 17:32:04'),
(438, 'NDIEYENE SIRAKH', 1, 111, '2025-01-12 17:32:04', '2025-01-12 17:32:04'),
(439, 'NGOUNDIANE', 1, 111, '2025-01-12 17:32:04', '2025-01-12 17:32:04'),
(440, 'THIENABA', 1, 111, '2025-01-12 17:32:04', '2025-01-12 17:32:04'),
(441, 'TOUBA TOUL', 1, 111, '2025-01-12 17:32:04', '2025-01-12 17:32:04'),
(442, 'DIENDER GUEDJI', 1, 112, '2025-01-12 17:32:04', '2025-01-12 17:32:04'),
(443, 'FANDENE', 1, 112, '2025-01-12 17:32:04', '2025-01-12 17:32:04'),
(444, 'KAYAR', 1, 112, '2025-01-12 17:32:04', '2025-01-12 17:32:04'),
(445, 'KEUR MOUSSA', 1, 112, '2025-01-12 17:32:04', '2025-01-12 17:32:04'),
(446, 'NOTTO', 1, 113, '2025-01-12 17:32:04', '2025-01-12 17:32:04'),
(447, 'TASSETTE', 1, 113, '2025-01-12 17:32:04', '2025-01-12 17:32:04'),
(448, 'DAROU KHOUDOSS', 9, 114, '2025-01-12 17:32:04', '2025-01-12 17:32:04'),
(449, 'MEOUANE', 9, 114, '2025-01-12 17:32:04', '2025-01-12 17:32:04'),
(450, 'MBORO', 9, 114, '2025-01-12 17:32:04', '2025-01-12 17:32:04'),
(451, 'TAIBA NDIAYE', 9, 114, '2025-01-12 17:32:04', '2025-01-12 17:32:04'),
(452, 'KOUL', 9, 115, '2025-01-12 17:32:04', '2025-01-12 17:32:04'),
(453, 'PEKESSE', 9, 115, '2025-01-12 17:32:04', '2025-01-12 17:32:04'),
(454, 'MERINA DAKHAR', 9, 115, '2025-01-12 17:32:04', '2025-01-12 17:32:04'),
(455, 'MBAYENE', 9, 116, '2025-01-12 17:32:04', '2025-01-12 17:32:04'),
(456, 'NGANDIOUF', 9, 116, '2025-01-12 17:32:04', '2025-01-12 17:32:04'),
(457, 'NIAKHENE', 9, 116, '2025-01-12 17:32:04', '2025-01-12 17:32:04'),
(458, 'THILMAKHA', 9, 116, '2025-01-12 17:32:04', '2025-01-12 17:32:04'),
(459, 'CHERIF LO', 9, 117, '2025-01-12 17:32:04', '2025-01-12 17:32:04'),
(460, 'MONT ROLLAND', 9, 117, '2025-01-12 17:32:04', '2025-01-12 17:32:04'),
(461, 'NOTTO GOUYE DIAMA', 9, 117, '2025-01-12 17:32:04', '2025-01-12 17:32:04'),
(462, 'PAMBAL', 9, 117, '2025-01-12 17:32:04', '2025-01-12 17:32:04'),
(463, 'PIRE GOUREYE', 9, 117, '2025-01-12 17:32:04', '2025-01-12 17:32:04'),
(464, 'ADEANE', 15, 118, '2025-01-12 17:32:04', '2025-01-12 17:32:04'),
(465, 'BOUTOUPA CAMARACOUND', 15, 118, '2025-01-12 17:32:04', '2025-01-12 17:32:04'),
(466, 'NIAGUIS', 15, 118, '2025-01-12 17:32:04', '2025-01-12 17:32:04'),
(467, 'ENAMPOR', 15, 119, '2025-01-12 17:32:04', '2025-01-12 17:32:04'),
(468, 'NIASSIA', 15, 119, '2025-01-12 17:32:04', '2025-01-12 17:32:04'),
(469, 'DIEMBERING', 11, 120, '2025-01-12 17:32:04', '2025-01-12 17:32:04'),
(470, 'SANTHIABA MANJAQUE', 11, 120, '2025-01-12 17:32:04', '2025-01-12 17:32:04'),
(471, 'OUKOUT', 11, 121, '2025-01-12 17:32:04', '2025-01-12 17:32:04'),
(472, 'MLOMP (BIGNONA)', 11, 121, '2025-01-12 17:32:04', '2025-01-12 17:32:04'),
(473, 'DJINAKI', 18, 122, '2025-01-12 17:32:04', '2025-01-12 17:32:04'),
(474, 'DIOULOULOU', 18, 122, '2025-01-12 17:32:04', '2025-01-12 17:32:04'),
(475, 'KATABA 1', 18, 122, '2025-01-12 17:32:04', '2025-01-12 17:32:04'),
(476, 'KAFOUNTINE', 18, 122, '2025-01-12 17:32:04', '2025-01-12 17:32:04'),
(477, 'COUBALAN', 18, 123, '2025-01-12 17:32:04', '2025-01-12 17:32:04'),
(478, 'NIAMONE', 18, 123, '2025-01-12 17:32:04', '2025-01-12 17:32:04'),
(479, 'OUONCK', 18, 123, '2025-01-12 17:32:04', '2025-01-12 17:32:04'),
(480, 'TENGHORI', 18, 123, '2025-01-12 17:32:04', '2025-01-12 17:32:04'),
(481, 'BALINGORE', 18, 124, '2025-01-12 17:32:04', '2025-01-12 17:32:04'),
(482, 'DIEGOUNE', 18, 124, '2025-01-12 17:32:04', '2025-01-12 17:32:04'),
(483, 'KARTIACK', 18, 124, '2025-01-12 17:32:04', '2025-01-12 17:32:04'),
(484, 'MANGAGOULACK', 18, 124, '2025-01-12 17:32:04', '2025-01-12 17:32:04'),
(485, 'MLOMP (OUSSOUYE)', 18, 124, '2025-01-12 17:32:04', '2025-01-12 17:32:04'),
(486, 'DJIBIDIONE', 18, 125, '2025-01-12 17:32:04', '2025-01-12 17:32:04'),
(487, 'OULAMPANE', 18, 125, '2025-01-12 17:32:04', '2025-01-12 17:32:04'),
(488, 'SINDIAN', 18, 125, '2025-01-12 17:32:04', '2025-01-12 17:32:04'),
(489, 'SUEL', 18, 125, '2025-01-12 17:32:04', '2025-01-12 17:32:04'),
(490, 'PLATEAU', 5, 126, '2025-01-12 17:32:04', '2025-01-12 17:32:04'),
(491, 'GUEULE TAPEE FASS CO', 5, 126, '2025-01-12 17:32:04', '2025-01-12 17:32:04'),
(492, 'FANN POINT E  AMITIE', 5, 126, '2025-01-12 17:32:04', '2025-01-12 17:32:04'),
(493, 'MEDINA', 5, 126, '2025-01-12 17:32:04', '2025-01-12 17:32:04'),
(494, 'FASS NGOM', 19, 127, '2025-01-12 17:32:04', '2025-01-12 17:32:04'),
(495, 'MPAL', 19, 127, '2025-01-12 17:32:04', '2025-01-12 17:32:04'),
(496, 'NDIEBENE GANDIOLE', 19, 127, '2025-01-12 17:32:04', '2025-01-12 17:32:04'),
(497, 'GANDON', 19, 127, '2025-01-12 17:32:04', '2025-01-12 17:32:04'),
(498, 'BAMBEY', 12, 130, '2025-01-12 17:32:04', '2025-01-12 17:32:04'),
(499, 'DIOURBEL', 42, 131, '2025-01-12 17:32:04', '2025-01-12 17:32:04'),
(500, 'MBACKE', 28, 132, '2025-01-12 17:32:04', '2025-01-12 17:32:04'),
(501, 'FATICK', 2, 133, '2025-01-12 17:32:04', '2025-01-12 17:32:04'),
(502, 'FOUNDIOUGNE', 24, 134, '2025-01-12 17:32:04', '2025-01-12 17:32:04'),
(503, 'GOSSAS', 36, 135, '2025-01-12 17:32:04', '2025-01-12 17:32:04'),
(504, 'BIRKILANE', 29, 136, '2025-01-12 17:32:04', '2025-01-12 17:32:04'),
(505, 'KAFFRINE', 10, 137, '2025-01-12 17:32:04', '2025-01-12 17:32:04'),
(506, 'KOUNGHEUL', 32, 138, '2025-01-12 17:32:04', '2025-01-12 17:32:04'),
(507, 'MALEM HODAR', 46, 139, '2025-01-12 17:32:04', '2025-01-12 17:32:04'),
(508, 'GUINGUINEO', 13, 140, '2025-01-12 17:32:04', '2025-01-12 17:32:04'),
(509, 'KAOLACK', 3, 141, '2025-01-12 17:32:04', '2025-01-12 17:32:04'),
(510, 'NIORO DU RIP', 7, 142, '2025-01-12 17:32:04', '2025-01-12 17:32:04'),
(511, 'KEDOUGOU', 35, 143, '2025-01-12 17:32:04', '2025-01-12 17:32:04'),
(512, 'SALEMATA', 40, 144, '2025-01-12 17:32:04', '2025-01-12 17:32:04'),
(513, 'SARAYA', 44, 145, '2025-01-12 17:32:04', '2025-01-12 17:32:04'),
(514, 'KOLDA', 25, 146, '2025-01-12 17:32:04', '2025-01-12 17:32:04'),
(515, 'MEDINA YORO FOULAH', 30, 147, '2025-01-12 17:32:04', '2025-01-12 17:32:04'),
(516, 'VELINGARA', 21, 78, '2025-01-12 17:32:04', '2025-01-12 17:32:04'),
(517, 'KEBEMER', 31, 148, '2025-01-12 17:32:04', '2025-01-12 17:32:04'),
(518, 'LINGUERE', 4, 149, '2025-01-12 17:32:04', '2025-01-12 17:32:04'),
(519, 'LOUGA', 33, 150, '2025-01-12 17:32:04', '2025-01-12 17:32:04'),
(520, 'KANEL', 20, 151, '2025-01-12 17:32:04', '2025-01-12 17:32:04'),
(521, 'MATAM', 26, 152, '2025-01-12 17:32:04', '2025-01-12 17:32:04'),
(522, 'RANEROU', 41, 153, '2025-01-12 17:32:04', '2025-01-12 17:32:04'),
(523, 'DAGANA', 38, 154, '2025-01-12 17:32:04', '2025-01-12 17:32:04'),
(524, 'PODOR', 37, 155, '2025-01-12 17:32:04', '2025-01-12 17:32:04'),
(525, 'BOUNKILING', 43, 156, '2025-01-12 17:32:04', '2025-01-12 17:32:04'),
(526, 'GOUDOMP', 45, 157, '2025-01-12 17:32:04', '2025-01-12 17:32:04'),
(527, 'SEDHIOU', 34, 158, '2025-01-12 17:32:04', '2025-01-12 17:32:04'),
(528, 'BAKEL', 39, 159, '2025-01-12 17:32:04', '2025-01-12 17:32:04'),
(529, 'GOUDIRY', 22, 160, '2025-01-12 17:32:04', '2025-01-12 17:32:04'),
(530, 'KOUMPENTOUM', 23, 161, '2025-01-12 17:32:04', '2025-01-12 17:32:04'),
(531, 'TAMBACOUNDA', 27, 162, '2025-01-12 17:32:04', '2025-01-12 17:32:04'),
(532, 'MBOUR', 14, 163, '2025-01-12 17:32:04', '2025-01-12 17:32:04'),
(533, 'THIES', 1, 164, '2025-01-12 17:32:04', '2025-01-12 17:32:04'),
(534, 'TIVAOUANE', 9, 165, '2025-01-12 17:32:05', '2025-01-12 17:32:05'),
(535, 'ZIGUINCHOR', 15, 166, '2025-01-12 17:32:05', '2025-01-12 17:32:05'),
(536, 'BIGNONA', 18, 167, '2025-01-12 17:32:05', '2025-01-12 17:32:05'),
(537, 'SAINT LOUIS', 19, 169, '2025-01-12 17:32:05', '2025-01-12 17:32:05'),
(538, 'OUSSOUYE', 11, 168, '2025-01-12 17:32:05', '2025-01-12 17:32:05'),
(539, 'GUINAW RAIL SUD', 8, 10, '2025-01-12 17:32:05', '2025-01-12 17:32:05'),
(540, 'GOREE', 5, 128, '2025-02-10 11:14:26', '2025-02-10 11:14:26'),
(541, 'BARGNY', 17, 129, '2025-02-10 11:15:22', '2025-02-10 11:15:22'),
(542, 'SENDOU', 17, 129, '2025-02-10 11:15:45', '2025-02-10 11:15:45'),
(543, 'DIOFIOR', 2, 133, '2025-02-10 11:16:09', '2025-02-10 11:16:09'),
(544, 'SOKONE', 24, 134, '2025-02-10 11:16:32', '2025-02-10 11:16:32'),
(545, 'KAHONE', 3, 141, '2025-02-10 11:17:05', '2025-02-10 11:17:05'),
(546, 'DAHRA', 4, 149, '2025-02-10 11:17:27', '2025-02-10 11:17:27'),
(547, 'OUROSSOGUI', 26, 152, '2025-02-10 11:17:55', '2025-02-10 11:17:55'),
(548, 'RICHARD TOLL', 38, 154, '2025-02-10 11:18:18', '2025-02-10 11:18:18'),
(549, 'NDIOUM', 37, 155, '2025-02-10 11:18:37', '2025-02-10 11:18:37'),
(550, 'MARSSASSOUM', 34, 158, '2025-02-10 11:18:56', '2025-02-10 11:18:56'),
(551, 'JOAL FADIOUTH', 14, 163, '2025-02-10 11:19:18', '2025-02-10 11:19:18'),
(552, 'KHOMBOLE', 1, 164, '2025-02-10 11:19:41', '2025-02-10 11:19:41'),
(553, 'POUT', 1, 164, '2025-02-10 11:20:04', '2025-02-10 11:20:04'),
(554, 'MECKHE', 9, 165, '2025-02-10 11:20:24', '2025-02-10 11:20:24'),
(555, 'THIONCK ESSYL', 18, 167, '2025-02-10 11:20:44', '2025-02-10 11:20:44');

-- --------------------------------------------------------

--
-- Structure de la table `departements`
--

CREATE TABLE `departements` (
  `id` bigint(20) UNSIGNED NOT NULL,
  `nom` varchar(255) NOT NULL,
  `region_id` bigint(20) UNSIGNED NOT NULL,
  `created_at` timestamp NULL DEFAULT NULL,
  `updated_at` timestamp NULL DEFAULT NULL
) ENGINE=InnoDB DEFAULT CHARSET=utf8mb4 COLLATE=utf8mb4_unicode_ci;

--
-- Déchargement des données de la table `departements`
--

INSERT INTO `departements` (`id`, `nom`, `region_id`, `created_at`, `updated_at`) VALUES
(1, 'THIES', 2, '2025-01-04 17:35:13', '2025-01-04 17:35:13'),
(2, 'FATICK', 11, '2025-01-04 17:35:13', '2025-01-04 17:35:13'),
(3, 'KAOLACK', 12, '2025-01-04 17:35:13', '2025-01-04 17:35:13'),
(4, 'LINGUERE', 1, '2025-01-04 17:35:13', '2025-01-04 17:35:13'),
(5, 'DAKAR', 8, '2025-01-04 17:35:13', '2025-01-04 17:35:13'),
(6, 'GUEDIAWAYE', 8, '2025-01-04 17:35:13', '2025-01-04 17:35:13'),
(7, 'NIORO DU RIP', 12, '2025-01-04 17:35:13', '2025-01-04 17:35:13'),
(8, 'PIKINE', 8, '2025-01-04 17:35:13', '2025-01-04 17:35:13'),
(9, 'TIVAOUANE', 2, '2025-01-04 17:35:13', '2025-01-04 17:35:13'),
(10, 'KAFFRINE', 13, '2025-01-04 17:35:13', '2025-01-04 17:35:13'),
(11, 'OUSSOUYE', 14, '2025-01-04 17:35:13', '2025-01-04 17:35:13'),
(12, 'BAMBEY', 10, '2025-01-04 17:35:13', '2025-01-04 17:35:13'),
(13, 'GUINGUINEO', 12, '2025-01-04 17:35:13', '2025-01-04 17:35:13'),
(14, 'MBOUR', 2, '2025-01-04 17:35:13', '2025-01-04 17:35:13'),
(15, 'ZIGUINCHOR', 14, '2025-01-04 17:35:13', '2025-01-04 17:35:13'),
(16, 'KEUR MASSAR', 8, '2025-01-04 17:35:13', '2025-01-04 17:35:13'),
(17, 'RUFISQUE', 8, '2025-01-04 17:35:13', '2025-01-04 17:35:13'),
(18, 'BIGNONA', 14, '2025-01-04 17:35:13', '2025-01-04 17:35:13'),
(19, 'SAINT LOUIS', 9, '2025-01-04 17:35:13', '2025-01-04 17:35:13'),
(20, 'KANEL', 3, '2025-01-04 17:35:13', '2025-01-04 17:35:13'),
(21, 'VELINGARA', 6, '2025-01-04 17:35:13', '2025-01-04 17:35:13'),
(22, 'GOUDIRY', 4, '2025-01-04 17:35:13', '2025-01-04 17:35:13'),
(23, 'KOUMPENTOUM', 4, '2025-01-04 17:35:13', '2025-01-04 17:35:13'),
(24, 'FOUNDIOUGNE', 11, '2025-01-04 17:35:13', '2025-01-04 17:35:13'),
(25, 'KOLDA', 6, '2025-01-04 17:35:13', '2025-01-04 17:35:13'),
(26, 'MATAM', 3, '2025-01-04 17:35:13', '2025-01-04 17:35:13'),
(27, 'TAMBACOUNDA', 4, '2025-01-04 17:35:13', '2025-01-04 17:35:13'),
(28, 'MBACKE', 10, '2025-01-04 17:35:13', '2025-01-04 17:35:13'),
(29, 'BIRKILANE', 13, '2025-01-04 17:35:13', '2025-01-04 17:35:13'),
(30, 'MEDINA YORO FOULAH', 6, '2025-01-04 17:35:13', '2025-01-04 17:35:13'),
(31, 'KEBEMER', 1, '2025-01-04 17:35:13', '2025-01-04 17:35:13'),
(32, 'KOUNGHEUL', 13, '2025-01-04 17:35:13', '2025-01-04 17:35:13'),
(33, 'LOUGA', 1, '2025-01-04 17:35:13', '2025-01-04 17:35:13'),
(34, 'SEDHIOU', 7, '2025-01-04 17:35:13', '2025-01-04 17:35:13'),
(35, 'KEDOUGOU', 5, '2025-01-04 17:35:13', '2025-01-04 17:35:13'),
(36, 'GOSSAS', 11, '2025-01-04 17:35:13', '2025-01-04 17:35:13'),
(37, 'PODOR', 9, '2025-01-04 17:35:13', '2025-01-04 17:35:13'),
(38, 'DAGANA', 9, '2025-01-04 17:35:13', '2025-01-04 17:35:13'),
(39, 'BAKEL', 4, '2025-01-04 17:35:13', '2025-01-04 17:35:13'),
(40, 'SALEMATA', 5, '2025-01-04 17:35:13', '2025-01-04 17:35:13'),
(41, 'RANEROU FERLO', 3, '2025-01-04 17:35:13', '2025-01-04 17:35:13'),
(42, 'DIOURBEL', 10, '2025-01-04 17:35:13', '2025-01-04 17:35:13'),
(43, 'BOUNKILING', 7, '2025-01-04 17:35:13', '2025-01-04 17:35:13'),
(44, 'SARAYA', 5, '2025-01-04 17:35:13', '2025-01-04 17:35:13'),
(45, 'GOUDOMP', 7, '2025-01-04 17:35:13', '2025-01-04 17:35:13'),
(46, 'MALEM HODAR', 13, '2025-01-04 17:35:13', '2025-01-04 17:35:13');

-- --------------------------------------------------------

--
-- Structure de la table `failed_jobs`
--

CREATE TABLE `failed_jobs` (
  `id` bigint(20) UNSIGNED NOT NULL,
  `uuid` varchar(255) NOT NULL,
  `connection` text NOT NULL,
  `queue` text NOT NULL,
  `payload` longtext NOT NULL,
  `exception` longtext NOT NULL,
  `failed_at` timestamp NOT NULL DEFAULT current_timestamp()
) ENGINE=InnoDB DEFAULT CHARSET=utf8mb4 COLLATE=utf8mb4_unicode_ci;

-- --------------------------------------------------------

--
-- Structure de la table `localites`
--

CREATE TABLE `localites` (
  `id` bigint(20) UNSIGNED NOT NULL,
  `localite` varchar(255) NOT NULL,
  `nature` varchar(255) NOT NULL,
  `cause` varchar(255) NOT NULL,
  `mesure` text NOT NULL,
  `attention` text NOT NULL,
  `solution` text NOT NULL,
  `besoin` text NOT NULL,
  `commentaire` text DEFAULT NULL,
  `commune_id` bigint(20) UNSIGNED NOT NULL,
  `created_at` timestamp NULL DEFAULT NULL,
  `updated_at` timestamp NULL DEFAULT NULL,
  `mesureen` text NOT NULL
) ENGINE=InnoDB DEFAULT CHARSET=utf8mb4 COLLATE=utf8mb4_unicode_ci;

--
-- Déchargement des données de la table `localites`
--

INSERT INTO `localites` (`id`, `localite`, `nature`, `cause`, `mesure`, `attention`, `solution`, `besoin`, `commentaire`, `commune_id`, `created_at`, `updated_at`, `mesureen`) VALUES
(1, 'Mermoz', 'Maison', 'Eau', 'Pompage', 'Point Bas', 'Canalisation', 'Appui Financière', 'neant', 7, '2025-08-20 16:02:42', '2025-08-20 16:02:42', 'Canal');

-- --------------------------------------------------------

--
-- Structure de la table `migrations`
--

CREATE TABLE `migrations` (
  `id` int(10) UNSIGNED NOT NULL,
  `migration` varchar(255) NOT NULL,
  `batch` int(11) NOT NULL
) ENGINE=InnoDB DEFAULT CHARSET=utf8mb4 COLLATE=utf8mb4_unicode_ci;

--
-- Déchargement des données de la table `migrations`
--

INSERT INTO `migrations` (`id`, `migration`, `batch`) VALUES
(1, '2014_10_12_000000_create_users_table', 1),
(2, '2014_10_12_100000_create_password_reset_tokens_table', 1),
(3, '2019_08_19_000000_create_failed_jobs_table', 1),
(4, '2019_12_14_000001_create_personal_access_tokens_table', 1),
(5, '2025_01_03_231452_create_regions_table', 1),
(6, '2025_01_03_231516_create_departements_table', 1),
(7, '2025_01_03_231544_create_cartes_table', 1),
(8, '2025_01_04_184002_add_column_to_users_table', 2),
(9, '2014_10_12_100000_create_password_resets_table', 3),
(10, '2025_01_07_221553_create_arrondissements_table', 3),
(11, '2025_01_07_221609_create_communes_table', 3),
(30, '2025_02_04_224515_add_column_to_users_table', 11),
(33, '2025_01_21_142858_add_column_to_users_table', 1),
(34, '2025_08_19_165314_create_localites_table', 12),
(35, '2025_08_19_165326_create_personnes_table', 12),
(36, '2025_08_19_165335_create_operateurs_table', 12),
(37, '2025_08_20_152947_add_colum_mesures_en_to_localites_table', 13);

-- --------------------------------------------------------

--
-- Structure de la table `operateurs`
--

CREATE TABLE `operateurs` (
  `id` bigint(20) UNSIGNED NOT NULL,
  `localite` varchar(255) NOT NULL,
  `nature` varchar(255) NOT NULL,
  `cause` varchar(255) NOT NULL,
  `prenom` varchar(255) NOT NULL,
  `nom` varchar(255) NOT NULL,
  `tel` varchar(255) NOT NULL,
  `superficie` varchar(255) NOT NULL,
  `financement` varchar(255) NOT NULL,
  `op` varchar(255) NOT NULL,
  `cout` varchar(255) NOT NULL,
  `commentaire` varchar(255) DEFAULT NULL,
  `commune_id` bigint(20) UNSIGNED NOT NULL,
  `created_at` timestamp NULL DEFAULT NULL,
  `updated_at` timestamp NULL DEFAULT NULL
) ENGINE=InnoDB DEFAULT CHARSET=utf8mb4 COLLATE=utf8mb4_unicode_ci;

--
-- Déchargement des données de la table `operateurs`
--

INSERT INTO `operateurs` (`id`, `localite`, `nature`, `cause`, `prenom`, `nom`, `tel`, `superficie`, `financement`, `op`, `cout`, `commentaire`, `commune_id`, `created_at`, `updated_at`) VALUES
(1, 'Gniby', 'test', 'Eau', 'Ibra', 'Ndiaye', '775690270', '10', 'Banque', 'oui', '500000', 'qsd', 131, '2025-08-20 12:49:22', '2025-08-20 12:49:22');

-- --------------------------------------------------------

--
-- Structure de la table `password_resets`
--

CREATE TABLE `password_resets` (
  `email` varchar(255) NOT NULL,
  `token` varchar(255) NOT NULL,
  `created_at` timestamp NULL DEFAULT NULL
) ENGINE=InnoDB DEFAULT CHARSET=utf8mb4 COLLATE=utf8mb4_unicode_ci;

-- --------------------------------------------------------

--
-- Structure de la table `password_reset_tokens`
--

CREATE TABLE `password_reset_tokens` (
  `email` varchar(255) NOT NULL,
  `token` varchar(255) NOT NULL,
  `created_at` timestamp NULL DEFAULT NULL
) ENGINE=InnoDB DEFAULT CHARSET=utf8mb4 COLLATE=utf8mb4_unicode_ci;

-- --------------------------------------------------------

--
-- Structure de la table `personal_access_tokens`
--

CREATE TABLE `personal_access_tokens` (
  `id` bigint(20) UNSIGNED NOT NULL,
  `tokenable_type` varchar(255) NOT NULL,
  `tokenable_id` bigint(20) UNSIGNED NOT NULL,
  `name` varchar(255) NOT NULL,
  `token` varchar(64) NOT NULL,
  `abilities` text DEFAULT NULL,
  `last_used_at` timestamp NULL DEFAULT NULL,
  `expires_at` timestamp NULL DEFAULT NULL,
  `created_at` timestamp NULL DEFAULT NULL,
  `updated_at` timestamp NULL DEFAULT NULL
) ENGINE=InnoDB DEFAULT CHARSET=utf8mb4 COLLATE=utf8mb4_unicode_ci;

-- --------------------------------------------------------

--
-- Structure de la table `personnes`
--

CREATE TABLE `personnes` (
  `id` bigint(20) UNSIGNED NOT NULL,
  `localite` varchar(255) NOT NULL,
  `nature` varchar(255) NOT NULL,
  `cause` varchar(255) NOT NULL,
  `prenom` varchar(255) NOT NULL,
  `nom` varchar(255) NOT NULL,
  `tel` varchar(255) NOT NULL,
  `cni` varchar(255) NOT NULL,
  `besoin` varchar(255) NOT NULL,
  `commentaire` varchar(255) DEFAULT NULL,
  `commune_id` bigint(20) UNSIGNED NOT NULL,
  `created_at` timestamp NULL DEFAULT NULL,
  `updated_at` timestamp NULL DEFAULT NULL
) ENGINE=InnoDB DEFAULT CHARSET=utf8mb4 COLLATE=utf8mb4_unicode_ci;

--
-- Déchargement des données de la table `personnes`
--

INSERT INTO `personnes` (`id`, `localite`, `nature`, `cause`, `prenom`, `nom`, `tel`, `cni`, `besoin`, `commentaire`, `commune_id`, `created_at`, `updated_at`) VALUES
(1, 'Unite 5', 'Maison', 'Eau', 'Ibra', 'Ndiaye', '774874628', '1496200400451', 'qsdsqdqsd', 'sqdd', 25, '2025-08-20 15:03:38', '2025-08-20 15:03:38');

-- --------------------------------------------------------

--
-- Structure de la table `regions`
--

CREATE TABLE `regions` (
  `id` bigint(20) UNSIGNED NOT NULL,
  `nom` varchar(255) NOT NULL,
  `created_at` timestamp NULL DEFAULT NULL,
  `updated_at` timestamp NULL DEFAULT NULL
) ENGINE=InnoDB DEFAULT CHARSET=utf8mb4 COLLATE=utf8mb4_unicode_ci;

--
-- Déchargement des données de la table `regions`
--

INSERT INTO `regions` (`id`, `nom`, `created_at`, `updated_at`) VALUES
(1, 'LOUGA', NULL, NULL),
(2, 'THIES', NULL, NULL),
(3, 'MATAM', NULL, NULL),
(4, 'TAMBACOUNDA', NULL, NULL),
(5, 'KEDOUGOU', NULL, NULL),
(6, 'KOLDA', NULL, NULL),
(7, 'SEDHIOU', NULL, NULL),
(8, 'DAKAR', NULL, NULL),
(9, 'SAINT LOUIS', NULL, NULL),
(10, 'DIOURBEL', NULL, NULL),
(11, 'FATICK', NULL, NULL),
(12, 'KAOLACK', NULL, NULL),
(13, 'KAFFRINE', NULL, NULL),
(14, 'ZIGUINCHOR', NULL, NULL);

-- --------------------------------------------------------

--
-- Structure de la table `users`
--

CREATE TABLE `users` (
  `id` bigint(20) UNSIGNED NOT NULL,
  `name` varchar(255) NOT NULL,
  `email` varchar(255) NOT NULL,
  `email_verified_at` timestamp NULL DEFAULT NULL,
  `password` varchar(255) NOT NULL,
  `remember_token` varchar(100) DEFAULT NULL,
  `created_at` timestamp NULL DEFAULT NULL,
  `updated_at` timestamp NULL DEFAULT NULL,
  `role` varchar(255) NOT NULL,
  `departement_id` bigint(20) UNSIGNED DEFAULT NULL,
  `arrondissement_id` bigint(20) UNSIGNED DEFAULT NULL,
  `region_id` bigint(20) UNSIGNED DEFAULT NULL
) ENGINE=InnoDB DEFAULT CHARSET=utf8mb4 COLLATE=utf8mb4_unicode_ci;

--
-- Déchargement des données de la table `users`
--

INSERT INTO `users` (`id`, `name`, `email`, `email_verified_at`, `password`, `remember_token`, `created_at`, `updated_at`, `role`, `departement_id`, `arrondissement_id`, `region_id`) VALUES
(1, 'Ibra Ndiaye', 'ibra789ndiaye@gmail.com', NULL, '$2y$12$8sHsx7AAtqb0.uPJpPjPyubU2Y7nBwScogPf3utR6Rikzn6n/5/Ni', NULL, '2025-01-04 20:11:33', '2025-01-04 20:11:33', 'admin', NULL, NULL, NULL),
(4, 'Cheikh Diallo', 'glaive158@gmail.com', NULL, '$2y$12$BC/IRilAzy3r7At4SKv8m.zhVNfvxkyaqMl/I2OXrM5Wix4lL4A/C', NULL, '2025-01-23 13:49:43', '2025-01-23 13:49:43', 'admin', NULL, NULL, NULL),
(5, 'CISSE', 'cisse@dge.sn', NULL, '$2y$12$Y2HGferMWUfm34QQACboceWwpDGwL6wLJC.RN3a0vq4hZdECd5QZW', NULL, '2025-02-08 14:01:04', '2025-02-17 14:49:49', 'correcteur', NULL, NULL, 2),
(9, 'NIANG', 'niang@dge.sn', NULL, '$2y$12$rsLIGg5o3JUST1S0DTkBMOW2F3AfTXQxWfsCzRHI3UYunTi0UYOVy', NULL, '2025-02-13 13:12:40', '2025-02-13 13:12:40', 'admin', NULL, NULL, 2),
(10, 'GOUVERNEUR DAKAR', 'gouvdakar@dge.sn', NULL, '$2y$12$AU9eqGP9Qxy2/fe8lru3Gu1t1UBCqldAiS7pKJO30mAy4bgP2fEuC', NULL, '2025-02-13 18:51:07', '2025-02-13 18:51:07', 'gouverneur', NULL, NULL, 8),
(11, 'PREFECTURE DAKAR', 'pdakar@dge.sn', NULL, '$2y$12$60iKWSuYOh6jngDuhBOOreMNVeouSr.Q3SfvP6pGTubAzjtVWZVNq', NULL, '2025-02-13 18:52:28', '2025-02-13 18:52:28', 'prefet', 5, 128, 8),
(12, 'PREFECTURE GUEDIAWAYE', 'pguediawaye@dge.sn', NULL, '$2y$12$Q3HYzD/TazXmQbCC52iycutZ0PDP2k1wLiO5Y4iUuYvjy0iQymfSS', NULL, '2025-02-13 18:57:12', '2025-02-13 18:57:12', 'prefet', 6, NULL, 8),
(13, 'PREFECTURE KEUR MASSAR', 'pkeurmassar@dge.sn', NULL, '$2y$12$9G0K9Li9j7lrM9Sfw218jOy5WDbu4WZi7JcUdeW9jeHDM9PnhC17.', NULL, '2025-02-13 18:58:23', '2025-02-13 18:58:23', 'prefet', 16, NULL, 8),
(14, 'PREFECTURE PIKINE', 'ppikine@dge.sn', NULL, '$2y$12$MegiztCUzLhhYGkAdc4JyOle0akhDQNba8f7J.7Io8M4iIKJWgox2', NULL, '2025-02-13 18:59:56', '2025-02-13 18:59:56', 'prefet', 8, NULL, 8),
(15, 'PREFECTURE RUFISQUE', 'prufisque@dge.sn', NULL, '$2y$12$8ojMsvJSbLnGn/2mtG6eH.DD9u9t0GlRTUxpHEFRoXgdgXJpXX2rG', NULL, '2025-02-13 19:01:21', '2025-02-13 19:01:21', 'prefet', 17, NULL, 8),
(16, 'GOUVERNEUR DIOURBEL', 'gouvdiourbel@dge.sn', NULL, '$2y$12$Du7JADnZKj0E0T30ot6Yb.KQsoNvcaIJJa3RtGddGo9VcWmY3fg.2', NULL, '2025-02-13 19:02:57', '2025-02-13 19:02:57', 'gouverneur', NULL, NULL, 10),
(17, 'PREFECTURE  DIOURBEL', 'pdiourbel@dge.sn', NULL, '$2y$12$//Sv7dOrGdaITk79M9zyeeUJoC2X6uGFN9IOtkdsrZrZ9zeTwOD6W', NULL, '2025-02-13 19:04:38', '2025-02-13 19:04:38', 'prefet', 42, NULL, 10),
(18, 'PREFECTURE BAMBEY', 'pbambey@dge.sn', NULL, '$2y$12$4Pt00ZmB4Jq/d3GtQIFp4espCPTzHoPJby7kpAuV312jZ/VGVMl5O', NULL, '2025-02-13 19:05:44', '2025-02-13 19:05:44', 'prefet', 12, NULL, 10),
(19, 'PREFECTURE MBACKE', 'pmbacke@dge.sn', NULL, '$2y$12$8HOkvn8UiQTC4ZxRnBZ0HeUe6o2uXwDLhlrNJRWz1xw5.PHOVAk.2', NULL, '2025-02-13 19:07:17', '2025-02-13 19:07:17', 'prefet', 28, NULL, 10),
(20, 'GOUVERNEUR FATICK', 'gouvfatick@dge.sn', NULL, '$2y$12$QAGIxuLxNB7iQ.8E8D9dZO6vQnOrduRnj8mEEc1kPhvrIjbYe1uBy', NULL, '2025-02-13 19:09:25', '2025-02-13 19:09:25', 'gouverneur', NULL, NULL, 11),
(21, 'PREFECTURE  FATICK', 'pfatick@dge.sn', NULL, '$2y$12$m6Tj/rOV4CCdrstO3F29G.v0uS5B4iMGhRxxd.e.DO0Lwo6hTpyU2', NULL, '2025-02-13 19:10:38', '2025-02-13 19:10:38', 'prefet', 2, NULL, 11),
(22, 'PREFECTURE FOUNDIOUGNE', 'pfoundiougne@dge.sn', NULL, '$2y$12$y9032bIhFvCJwArtw6a/NOFr9ZWBmlkmPaPTg7sNv6EXiZvM498Aa', NULL, '2025-02-13 19:12:39', '2025-02-13 19:12:39', 'prefet', 24, NULL, 11),
(23, 'PREFECTURE GOSSAS', 'pgossas@dge.sn', NULL, '$2y$12$a/vi/a2KuS3O9EkCL.0T3ufoOvFGmTfGCuErXFTFYb/tlraZaGOiq', NULL, '2025-02-13 19:13:49', '2025-02-13 19:13:49', 'prefet', 36, NULL, 11),
(25, 'GOUVERNEUR KAFFRINE', 'gouvkaffrine@dge.sn', NULL, '$2y$12$r9I.Qhp7rxqp.Eo0Ig9ljeT2uN0CFUUbtWxA5qsXhHrtNkYIu0TJ.', NULL, '2025-02-14 11:56:34', '2025-02-14 11:56:34', 'gouverneur', NULL, NULL, 13),
(26, 'PREFECTURE KAFFRINE', 'pkaffrine@dge.sn', NULL, '$2y$12$yac.Mb.sAZYXwmtbLgNiou.ji4MucMFgMppwxykIF0Kkv6grLkqFi', NULL, '2025-02-14 11:57:30', '2025-02-14 11:57:30', 'prefet', 10, NULL, 13),
(27, 'PREFECTURE BIRKILANE', 'pbirkilane@dge.sn', NULL, '$2y$12$spLAG24oQzF2NCChMroAMeR6S8GqIBqEVW4hvUh0kHUPHAB.u2Uti', NULL, '2025-02-14 11:58:41', '2025-02-14 11:58:41', 'prefet', 29, NULL, 13),
(28, 'PREFECTURE KOUNGHEUL', 'pkoungheul@dge.sn', NULL, '$2y$12$aqZGb4GyrVdJvMFuFqbute3EUAHL4Mo13XHqjmQA1L64FNkV1mK0.', NULL, '2025-02-14 12:00:16', '2025-02-14 12:00:16', 'prefet', 32, NULL, 13),
(29, 'PREFECTURE MALEM HODAR', 'pmalemhodar@dge.sn', NULL, '$2y$12$dW1sN/uas3wwWmP6gR/zS.SFVW3b/wtNWgUQIuKj0CgrXhmMgT/AC', NULL, '2025-02-14 12:01:06', '2025-02-14 12:01:06', 'prefet', 46, NULL, 13),
(30, 'GOUVERNEUR KAOLACK', 'gouvkaolack@dge.sn', NULL, '$2y$12$GtJL0yRKHmRxe2gdeWuy1OS853XvlGHbGFzujAyaCIw.ioGme45qq', NULL, '2025-02-14 12:02:54', '2025-02-14 12:02:54', 'gouverneur', NULL, NULL, 12),
(31, 'PREFECTURE KAOLACK', 'pkaolack@dge.sn', NULL, '$2y$12$BJJBBCeWEeyFhjWz7/u7cOwfGjiUbzFdxm2xPnVxU3X/SFR4Ko0dq', NULL, '2025-02-14 12:03:39', '2025-02-14 12:03:39', 'prefet', 3, NULL, 12),
(32, 'PREFECTURE GUINGUINEO', 'pguinguineo@dge.sn', NULL, '$2y$12$b4qlZf5VS1vb1W/JFQECiuO8UyW5.LydKYQQBflW1vZMzwKRArBuG', NULL, '2025-02-14 12:05:13', '2025-02-14 12:05:13', 'prefet', 13, NULL, 12),
(33, 'PREFECTURE NIORO DU RIP', 'pniorodurip@dge.sn', NULL, '$2y$12$JE7Qny2Lc8yMSWZVV4FXkeNPs6uzOCTKtsozCdE/wAMGrmZQgE8fS', NULL, '2025-02-14 12:06:33', '2025-02-14 12:06:33', 'prefet', 7, NULL, 12),
(34, 'GOUVERNEUR KEDOUGOU', 'gouvkedougou@dge.sn', NULL, '$2y$12$vyHlT34tE7sN9yvTzjTK5.WM8X2prp8OKdowKUUwLieFsfclglyue', NULL, '2025-02-14 12:09:01', '2025-02-14 12:09:01', 'gouverneur', NULL, NULL, 5),
(35, 'PREFECTURE KEDOUGOU', 'pkedougou@dge.sn', NULL, '$2y$12$26MZQfzmjqt.1YoKLvohlOWFz.lftIjpcFLuXf1UzYvT5HyncKtP.', NULL, '2025-02-14 12:09:57', '2025-02-14 12:09:57', 'prefet', 35, NULL, 5),
(36, 'PREFECTURE SALEMATA', 'psalemata@dge.sn', NULL, '$2y$12$4SrSSUjmLZDrIrCixjrO7.gKlJlsMrUvP8do7f/9as/Zz/qzkTgQW', NULL, '2025-02-14 12:11:08', '2025-02-14 12:11:08', 'prefet', 40, NULL, 5),
(37, 'PREFECTURE SARAYA', 'psaraya@dge.sn', NULL, '$2y$12$/XbIjUB1poZk89y9zDzjFe3zbbR7ezvN3N0r0ZffnoIapN2OEGtg6', NULL, '2025-02-14 12:12:20', '2025-02-14 12:12:20', 'prefet', 44, NULL, 5),
(38, 'GOUVERNEUR KOLDA', 'gouvkolda@dge.sn', NULL, '$2y$12$YCs/aTJvacgXN0fUq075yOpmGiG4irvhxuRi0HpV7V4OhgQC3yEQq', NULL, '2025-02-14 12:13:36', '2025-02-14 12:13:36', 'gouverneur', NULL, NULL, 6),
(39, 'PREFECTURE KOLDA', 'pkolda@dge.sn', NULL, '$2y$12$ZBI1WCVCaItnyIV5DsZFleVfIjbKhL.LomKyigCCr5t7vKNaXz/He', NULL, '2025-02-14 12:14:41', '2025-02-14 12:14:41', 'prefet', 25, NULL, 6),
(40, 'PREFECTURE MEDINA YORO FOULAH', 'pmedinayorofoulah@dge.sn', NULL, '$2y$12$XebL7vRkTRHHniBkLHLqGeqeie.AxpYzWqfIXheebzVegwW2L0EUm', NULL, '2025-02-14 12:15:52', '2025-02-14 12:15:52', 'prefet', 30, NULL, 6),
(41, 'PREFECTURE VELINGARA', 'pvelingara@dge.sn', NULL, '$2y$12$WRMpUbzdpttEnQ5v5/yuAO1XGzQBFBIOLtBSzoaC7f9Poqh8FlLSW', NULL, '2025-02-14 12:16:55', '2025-02-14 12:16:55', 'prefet', 21, NULL, 6),
(42, 'GOUVERNEUR LOUGA', 'gouvlouga@dge.sn', NULL, '$2y$12$86D9Da2mOV9jxI777gT2BOlhrKkeSlIfpiTPAU/efywtHw3lXn0WK', NULL, '2025-02-14 12:18:56', '2025-02-14 12:18:56', 'gouverneur', NULL, NULL, 1),
(43, 'PREFECTURE LOUGA', 'plouga@dge.sn', NULL, '$2y$12$rGK1qGg5F1s.l9o6WOnz/OcXTms0MaUZfIBZrOyC9uWoVxi.7WsSm', NULL, '2025-02-14 12:19:43', '2025-02-14 12:19:43', 'prefet', 33, NULL, 1),
(44, 'PREFECTURE LINGUERE', 'plinguere@dge.sn', NULL, '$2y$12$rA056lGjU7J6pT0oZI2I4.rz7XbihVywjQ9SNOVo74F7Qv3ycmmry', NULL, '2025-02-14 12:21:10', '2025-02-14 12:21:10', 'prefet', 4, NULL, 1),
(45, 'PREFECTURE KEBEMER', 'pkebemer@dge.sn', NULL, '$2y$12$.Gtmvw1jgtmu87jnPDQh6OwyAAFd.e/pz2FiLzeHL20h5hgsV36Te', NULL, '2025-02-14 12:22:01', '2025-02-14 12:22:01', 'prefet', 31, NULL, 1),
(46, 'GOUVERNEUR MATAM', 'gouvmatam@dge.sn', NULL, '$2y$12$JUcQnQGvJ1WkGIdDrFnX5engtMfrb2m9uZdO6OoBxblf3rnNNm4IC', NULL, '2025-02-14 18:35:57', '2025-02-14 18:35:57', 'gouverneur', NULL, NULL, 3),
(47, 'PREFECTURE MATAM', 'pmatam@dge.sn', NULL, '$2y$12$HBOhtY1jAW5wtWOseWFPIuM5dfA/osus2L8TWhu6NDT/gGCy7Kj9.', NULL, '2025-02-14 18:38:23', '2025-02-14 18:38:23', 'prefet', 26, NULL, 3),
(48, 'PREFECTURE KANEL', 'pkanel@dge.sn', NULL, '$2y$12$ie1dv7he7x8BZo3ZJCU99e642jazA.9eHIBQxeQhoZ/fHWJY1VjOq', NULL, '2025-02-14 18:39:42', '2025-02-14 18:39:42', 'prefet', 20, NULL, 3),
(49, 'PREFECTURE RANEROU FERLO', 'pranerouferlo@dge.sn', NULL, '$2y$12$Bt8MO2/jOvicoNbmLDv2NOqsZ5I0SCdGYLSFlH6l0JEFyKscJihIC', NULL, '2025-02-14 18:42:10', '2025-02-14 18:42:10', 'prefet', 41, NULL, 3),
(50, 'GOUVERNEUR SAINT LOUIS', 'gouvsaintlouis@dge.sn', NULL, '$2y$12$S8stnrFvnXImWKYzRfhpeu/aXFQ34lSf7wt9WhtCWRJC6rGX98Ss6', NULL, '2025-02-14 18:44:19', '2025-02-14 18:44:19', 'gouverneur', NULL, NULL, 9),
(51, 'PREFECTURE SAINT LOUIS', 'psaintlouis@dge.sn', NULL, '$2y$12$AWf3UdKhAx42jplCPPKGW.EQfWUorQSFHrU8ZnnuaF/6KqlUSgW4W', NULL, '2025-02-14 18:45:37', '2025-02-14 18:45:37', 'prefet', 19, NULL, 9),
(52, 'PREFECTURE DAGANA', 'pdagana@dge.sn', NULL, '$2y$12$LdfJGVV04A1X/s10LN1nj.D0QS16VO/Xz3ekNENcDEIJTEECYU2W.', NULL, '2025-02-14 18:47:07', '2025-02-14 18:47:07', 'prefet', 38, NULL, 9),
(53, 'PREFECTURE PODOR', 'ppodor@dge.sn', NULL, '$2y$12$DrPipNqrp8bLUixG1c/sVObolnNl34GlC7p5y6KYvvnGxltMWkVPW', NULL, '2025-02-14 18:48:25', '2025-02-14 18:48:25', 'prefet', 37, NULL, 9),
(54, 'GOUVERNEUR SEDHIOU', 'gouvsedhiou@dge.sn', NULL, '$2y$12$Osq7VjwsPHNswPwc9Fdk5uAJbe53Bm4bNSjyJzwp5dZJTWpczP5lq', NULL, '2025-02-14 18:50:37', '2025-02-14 18:50:37', 'gouverneur', NULL, NULL, 7),
(55, 'PREFECTURE SEDHIOU', 'psedhiou@dge.sn', NULL, '$2y$12$preublqkYFKs8oiXEXTJt.fTu.IrB6YORIrd8VOOWiWyDr/FFSETe', NULL, '2025-02-14 18:51:38', '2025-02-14 18:51:38', 'prefet', 34, NULL, 7),
(56, 'PREFECTURE BOUNKILING', 'pbounkiling@dge.sn', NULL, '$2y$12$H2C5IBXN6KUHJ0WGA9LdF.RsufayMRFEDfXUB6pg8NxYBY.qWPe66', NULL, '2025-02-14 18:52:54', '2025-02-14 18:52:54', 'prefet', 43, NULL, 7),
(57, 'PREFECTURE GOUDOMP', 'pgoudomp@dge.sn', NULL, '$2y$12$LG6Vbh8Up.cFFWoTzVbJMu0aFM.dnRe9VawpxtZBrJIbwiPJbnGxG', NULL, '2025-02-14 18:54:10', '2025-02-14 19:12:06', 'prefet', 45, NULL, 7),
(58, 'GOUVERNEUR TAMBACOUNDA', 'gouvtambacounda@dge.sn', NULL, '$2y$12$WqQe2S.YoauVP4q0MyE9U.OsVopT0M9gloSwRq/r7wDV/NYW5ucxu', NULL, '2025-02-14 18:57:00', '2025-02-14 18:57:00', 'gouverneur', NULL, NULL, 4),
(59, 'PREFECTURE TAMBACOUNDA', 'ptambacounda@dge.sn', NULL, '$2y$12$q2uuXwFgRzdXm9fEvy2IueC3u0zxK0yOv5c9k2hGBAYTvfC4mxswW', NULL, '2025-02-14 18:57:58', '2025-02-14 18:57:58', 'prefet', 27, NULL, 4),
(60, 'PREFECTURE BAKEL', 'pbakel@dge.sn', NULL, '$2y$12$3dCiUu9h0gZU249JbQg/m.PMRjc5z4BVdbJV6rlEqLAbjnGlatvd.', NULL, '2025-02-14 18:59:10', '2025-02-17 20:23:47', 'prefet', 39, 159, 4),
(61, 'PREFECTURE GOUDIRY', 'pgoudiry@dge.sn', NULL, '$2y$12$0pKhVJ4TdLdOEQPwK9RlE.cesuoDitZo9mX5u3IOcUgBCpz5j.HLS', NULL, '2025-02-14 19:00:15', '2025-02-14 19:00:15', 'prefet', 22, NULL, 4),
(62, 'PREFECTURE KOUMPENTOUM', 'pkoumpentoum@dge.sn', NULL, '$2y$12$9nBuYQ/xUiCrSYCMWuSyUOQiB8wnwT6S1.SoX2svYt8Dgy3HUMzlq', NULL, '2025-02-14 19:01:51', '2025-02-14 19:01:51', 'prefet', 23, NULL, 4),
(63, 'GOUVERNEUR THIES', 'gouvthies@dge.sn', NULL, '$2y$12$KZjwamCyjjeFF2aU45TGW.TV3uX02CFEV5rLgkWNbzT6Z3buh/bIu', NULL, '2025-02-14 19:03:44', '2025-02-14 19:03:44', 'gouverneur', NULL, NULL, 2),
(64, 'PREFECTURE THIES', 'pthies@dge.sn', NULL, '$2y$12$R3pwhjk2W9ipTAbPa37e8O1cpHVk.vBGA8a7bZY3yRaXKIp5FnLz2', NULL, '2025-02-14 19:04:29', '2025-02-14 19:04:29', 'prefet', 1, NULL, 2),
(65, 'PREFECTURE MBOUR', 'pmbour@dge.sn', NULL, '$2y$12$hO/i28cBZxJsJ9PbDLodme34X3ggk0Z2rtm8XMWTlMpdNtNNVchEK', NULL, '2025-02-14 19:05:20', '2025-02-14 19:05:20', 'prefet', 14, NULL, 2),
(66, 'PREFECTURE TIVAOUANE', 'ptivaouane@dge.sn', NULL, '$2y$12$RrHg488tvd0AKedXbnnHGerneTibmssBwke2OvNHfb1CuZPavj/8W', NULL, '2025-02-14 19:06:12', '2025-02-14 19:06:12', 'prefet', 9, NULL, 2),
(67, 'GOUVERNEUR ZIGUINCHOR', 'gouvziguinchor@dge.sn', NULL, '$2y$12$HgStv4Tb0Q3YNcrVcpmLCObxZS3hm2Bbt7hVocttUl5T3toR91ddW', NULL, '2025-02-14 19:07:47', '2025-02-14 19:07:47', 'gouverneur', NULL, NULL, 14),
(68, 'PREFECTURE ZIGUINCHOR', 'pziguinchor@dge.sn', NULL, '$2y$12$rubgdVMqzdDrKa6ZgBTySeo8IUoHbA.LHJPlvvtAS7IXo/4cwPc.W', NULL, '2025-02-14 19:08:37', '2025-02-14 19:08:37', 'prefet', 15, NULL, 14),
(69, 'PREFECTURE BIGNONA', 'pbignona@dge.sn', NULL, '$2y$12$/vkZoWCSRwk.DRFDe5MeqeByD2Leihw0f0R6Z3AyTc8a7voH1VIma', NULL, '2025-02-14 19:10:07', '2025-02-14 19:10:07', 'prefet', 18, NULL, 14),
(70, 'PREFECTURE OUSSOUYE', 'poussouye@dge.sn', NULL, '$2y$12$RjpvUeWT3n8OK/3hIy3c5eymBn.pkguLUEyFGO0m0VHvhtIAGYSK.', NULL, '2025-02-14 19:11:08', '2025-02-14 19:11:08', 'prefet', 11, NULL, 14),
(71, 'Sous Préfecture   DAGOUDANE', 'spdagoudane@dge.sn', NULL, '$2y$12$Vh4NjQcWFhGc9sDc.3XNkOHgVBlNiCVoS/3sTQdOsDtnNtCTD3cxW', NULL, '2025-02-15 10:46:05', '2025-02-15 13:23:02', 'sous_prefet', 8, 10, 8),
(72, 'Sous Préfecture  THIAROYE', 'spthiaroy@dge.sn', NULL, '$2y$12$A0FwvNRHLN9KS8YNHrjvz.NHug2wqwnX20hU.K6HPmQzarCtn/qY6', NULL, '2025-02-15 10:49:09', '2025-02-15 13:23:30', 'sous_prefet', 8, 9, 8),
(73, 'Sous Préfecture  DAKAR PLATEAU', 'spdakarplateau@dge.sn', NULL, '$2y$12$cyXTRo8G5PtxXYOCZYScOOk/SOxarGjxByEmL4BlkRoUHy034807S', NULL, '2025-02-15 12:17:21', '2025-02-15 12:17:21', 'sous_prefet', 5, 126, 8),
(74, 'Sous Préfecture  GRAND DAKAR', 'spgranddakar@dge.sn', NULL, '$2y$12$nc.UEmbB6O/acIV2M2l5Gu0Wzw.oABPBN1779P6FTmgh3NhgJZ8eq', NULL, '2025-02-15 12:20:14', '2025-02-15 12:20:14', 'sous_prefet', 5, 1, 8),
(75, 'Sous Préfecture  ALMADIES', 'spalmadies@dge.sn', NULL, '$2y$12$Cfn1DHf6P6u6StmJyhYmvesMCTVKkcoEcZCRIZFrkGlLOIQ.xyrUO', NULL, '2025-02-15 12:21:33', '2025-02-15 12:21:33', 'sous_prefet', 5, 2, 8),
(76, 'Sous Préfecture  PARCELLES ASSAINIES', 'spparcelles@dge.sn', NULL, '$2y$12$KHzPDAcfoqHJog55t6LDW.zjREtn6LEVcHhFHpnWJzMYHf8h9ZwQC', NULL, '2025-02-15 13:06:24', '2025-02-15 13:06:24', 'sous_prefet', 5, 3, 8),
(77, 'Sous Préfecture  WAKHINANE NIMZATH', 'spwakhinane@dge.sn', NULL, '$2y$12$g.i7/RRj7j6URzTLFKvWpe7ppjPmf3TrXdE.hh8QNlj6o3E9PwM.K', NULL, '2025-02-15 13:10:11', '2025-02-15 13:10:11', 'sous_prefet', 6, 5, 8),
(78, 'Sous Préfecture  SAM NOTAIRE', 'spsamnotaire@dge.sn', NULL, '$2y$12$8HB8s/mHYj.smF/J.yHIne37oeDwbVSkfsvaQKEV0LPk9s8iQJzQ.', NULL, '2025-02-15 13:11:26', '2025-02-15 13:11:26', 'sous_prefet', 6, 4, 8),
(79, 'Sous Préfecture  YEUMBEUL', 'spyeumbeul@dge.sn', NULL, '$2y$12$gI6S64/D32xBwwbWL0meYulkVDugbz/qpBOEMhdveDCBckE4Iz/C6', NULL, '2025-02-15 13:13:08', '2025-02-15 13:13:08', 'sous_prefet', 16, 6, 8),
(80, 'Sous Préfecture   MALIKA', 'spmalika@dge.sn', NULL, '$2y$12$aqPMIK6JPRcXq2qgBXTVju2LPqNK7pQ5lKHLW85f/4QlX.QT9vWbS', NULL, '2025-02-15 13:14:10', '2025-02-15 13:14:10', 'sous_prefet', 16, 7, 8),
(81, 'Sous Préfecture   JAXAAY', 'spjaxaay@dge.sn', NULL, '$2y$12$TEdAb3WtlHr3OfY5bvxkZO/CuFQaigLpllp54CuzgohAFkLB3tBNa', NULL, '2025-02-15 13:15:29', '2025-02-15 13:15:29', 'sous_prefet', 16, 8, 8),
(87, 'Sous Préfecture  RUFISQUE  EST', 'sprufisqueest@dge.sn', NULL, '$2y$12$xRErXzRuPU4nr6f9qSW.UOZXX0DUCgr./Ca9/ApOvObP1AWMKaijC', NULL, '2025-02-15 13:25:00', '2025-02-15 13:25:00', 'sous_prefet', 17, 11, 8),
(88, 'Sous Préfecture  DIAMNIADIO', 'spdiamniadio@dge.sn', NULL, '$2y$12$3wT8QAcKSatNSTjqxOdszOj.6dw1biPgHu93smiZnFCN7wX/P9Db.', NULL, '2025-02-15 13:26:55', '2025-02-15 13:26:55', 'sous_prefet', 17, 12, 8),
(89, 'Sous Préfecture  SANGALKAM', 'spsangalkam@dge.sn', NULL, '$2y$12$zCvwFSnVhuWNoSH.Rim.C.Uy.VXKbLKf.d3SNmYVgVSBhzAJk87SW', NULL, '2025-02-15 13:28:14', '2025-02-15 13:28:14', 'sous_prefet', 17, 13, 8),
(90, 'Sous Préfecture   NDINDY', 'spndindy@dge.sn', NULL, '$2y$12$0p8wjyigXHSiG97GE40w3ODLnQl/sdIQBcWukDsnGD6iDj6ZLSbny', NULL, '2025-02-15 13:30:25', '2025-02-15 13:30:25', 'sous_prefet', 42, 18, 10),
(91, 'Sous Préfecture  NDOULA', 'spndoulo@dge.sn', NULL, '$2y$12$p1ZPKsX3tthdoaxzy1kA3.eqal.P1USYqscREsoYL0lCQi/Tu6RBa', NULL, '2025-02-15 13:31:47', '2025-02-15 13:31:47', 'sous_prefet', 42, 17, 10),
(92, 'Sous Préfecture  KAEL', 'spkael@dge.sn', NULL, '$2y$12$cUwhCGJXBXnNmi7oBtvFzuAXO/ChIa83kP9z1injvzJCdoNKk1LtO', NULL, '2025-02-15 13:34:00', '2025-02-15 13:34:00', 'sous_prefet', 28, 20, 10),
(93, 'Sous Préfecture  NDAME', 'spndame@dge.sn', NULL, '$2y$12$UPTjgGKUHN2e/xZGdvKuuurSfYObLyDw3o82LZm8wJRcnd5X3r9Fy', NULL, '2025-02-15 13:36:11', '2025-02-15 13:36:11', 'sous_prefet', 28, 19, 10),
(94, 'Sous Préfecture  TAIF', 'sptaif@dge.sn', NULL, '$2y$12$e1FA8cAAzfQ0kUVCovlKi.4YKTq2/xwQ8/62.Ck53oz.XAZ/NokmS', NULL, '2025-02-15 13:37:47', '2025-02-15 13:37:47', 'sous_prefet', 28, 21, 10),
(95, 'Sous Préfecture  BABA GARAGE', 'spbabagarage@dge.sn', NULL, '$2y$12$qhISNihemlGGF.A0Pb8SP.39iVf4TfWa7Lq2B8fbszC9QLQBy6hIG', NULL, '2025-02-15 13:39:16', '2025-02-15 13:39:16', 'sous_prefet', 12, 14, 10),
(96, 'Sous Préfecture  LAMBAYE', 'splambaye@dge.sn', NULL, '$2y$12$OWGfy8F.M.Hj.wl9.QLon.5jt6Mlua06DVj4sEskBqZTUTmDsTNTe', NULL, '2025-02-15 13:40:34', '2025-02-15 13:40:34', 'sous_prefet', 12, 16, 10),
(97, 'Sous Préfecture  NGOYE', 'spngoye@dge.sn', NULL, '$2y$12$7y39R3CuLgBRVOGzWMtf3O1axEmn/hwO7nNM3PKTovZpLLT8IvFkO', NULL, '2025-02-15 13:41:36', '2025-02-15 13:41:36', 'sous_prefet', 12, 15, 10),
(98, 'Sous Préfecture  FIMELA', 'spfimela@dge.sn', NULL, '$2y$12$JFhwWSv1sIiPbkJF4IrC8.k6v6.wqszEQCPlk4VqSrKy6LOIUBRoO', NULL, '2025-02-15 14:24:17', '2025-02-15 14:24:17', 'sous_prefet', 2, 23, 11),
(99, 'Sous Préfecture  NDIOP', 'spndiop@dge.sn', NULL, '$2y$12$nWTfteYXsPAAg2x.LT3C1O6ysyEfbrkZvgT8WBukLYrux5a45a1aS', NULL, '2025-02-15 14:25:31', '2025-02-15 14:25:31', 'sous_prefet', 2, 22, 11),
(100, 'Sous Préfecture  NIAKHAR', 'spniakhar@dge.sn', NULL, '$2y$12$k3GDynmJjm0Uj.KKccWfGuakDhNmJ91MgpGMNmrtkM1RIOwXu1HFK', NULL, '2025-02-15 14:26:40', '2025-02-15 14:26:40', 'sous_prefet', 2, 24, 11),
(101, 'Sous Préfecture   TATATTAGUINE', 'sptattaguine@dge.sn', NULL, '$2y$12$bS.c2WXz2JU70cQRAHuUlugbOHtHxzaqWENRh45IylJ1kF9.W3EKG', NULL, '2025-02-15 14:27:38', '2025-02-15 14:27:38', 'sous_prefet', 2, 25, 11),
(102, 'Sous Préfecture   DJILOR', 'spdjilor@dge.sn', NULL, '$2y$12$iPa426oQe2ZMJ8JxINdKLu9mywDFqkCixAKr1jtbXOpplHq5Sf.FG', NULL, '2025-02-15 14:29:02', '2025-02-15 14:29:02', 'sous_prefet', 24, 27, 11),
(103, 'Sous Préfecture  NIODIOR', 'spniodior@dge.sn', NULL, '$2y$12$p6FwzqFKhGHD6ZrLG9zeXehdW.epugVO8EWwwlCoL/Rrac8XxpPh.', NULL, '2025-02-15 14:29:59', '2025-02-15 14:29:59', 'sous_prefet', 24, 28, 11),
(104, 'Sous Préfecture  TOUBA COUTA', 'sptoubacouta@dge.sn', NULL, '$2y$12$.5y846FMCu7vrpu1NusjHOO0fRKf68pCJfeklWi1HhFsjt537Dmky', NULL, '2025-02-15 14:31:12', '2025-02-15 14:31:12', 'sous_prefet', 24, 26, 11),
(105, 'Sous Préfecture  COLOBANE', 'spcolobane@dge.sn', NULL, '$2y$12$TcAwNTeaDXyEubi3JXzd4.2QPutmXauVmUL3DAw8aRo0WH1xvjZXi', NULL, '2025-02-15 14:32:17', '2025-02-15 14:32:17', 'sous_prefet', 36, 29, 11),
(106, 'Sous Préfecture   OUADIOUR', 'spouadiour@dge.sn', NULL, '$2y$12$f6TDGmYvpk.yyyAyTyN2TuLbst5ab.7Uchw.A7gKrys7Cb9BpMMhy', NULL, '2025-02-15 14:33:33', '2025-02-15 14:33:33', 'sous_prefet', 36, 30, 11),
(107, 'Sous Préfecture  GNIBY', 'spgniby@dge.sn', NULL, '$2y$12$jqH.TJH9FxDFH5ZciPQbxel0Oq86nJqrECa4QmoQj7rtjv5s3tVpe', NULL, '2025-02-15 14:36:35', '2025-02-15 14:36:35', 'sous_prefet', 10, 34, 13),
(108, 'Sous Préfecture  KATAKEL', 'spkatakel@dge.sn', NULL, '$2y$12$MMBn5Kbsn3bfd1cdNfG/O.sO/Ilf9Ob0HzYW8w.S/XC6wTii8Y5bO', NULL, '2025-02-15 14:38:14', '2025-02-15 14:38:14', 'sous_prefet', 10, 33, 13),
(109, 'Sous Préfecture  KEUR MBOUCKI', 'spkeurmboucki@dge.sn', NULL, '$2y$12$RusZzB0fDIMOz75yWq9LXOoxSDf0Q2eYJ2bWsiCxlxuq6sL4UM9KO', NULL, '2025-02-15 14:39:56', '2025-02-15 14:39:56', 'sous_prefet', 29, 31, 13),
(110, 'Sous Préfecture  MABO', 'spmabo@dge.sn', NULL, '$2y$12$PD9wFlIMm9TGGq09Efc8x.835nmxraAsVKF0Z1O4/JXQ8PJ/3d402', NULL, '2025-02-15 14:41:13', '2025-02-15 14:41:13', 'sous_prefet', 29, 32, 13),
(111, 'Sous Préfecture  IDA MOURIDE', 'spidamouride@dge.sn', NULL, '$2y$12$EAo/Vfu6pHLrkmUfeb508O4pXfCQJlrcNc1kt83lhwl0uKbI/mX2a', NULL, '2025-02-15 14:42:21', '2025-02-15 14:42:21', 'sous_prefet', 32, 36, 13),
(112, 'Sous Préfecture  LOUR ESCALE', 'splourescale@dge.sn', NULL, '$2y$12$wFKmfqrrOAsuxWYXoNaWhuoB5uPDm8.NblEJh7N/thUpJjelgFsom', NULL, '2025-02-15 14:43:22', '2025-02-15 14:43:22', 'sous_prefet', 32, 37, 13),
(113, 'Sous Préfecture  MISSIRAH WADENE', 'spmissirahwadene@dge.sn', NULL, '$2y$12$Ayi9byBZATHkqByhm4ZRBOmr.yD5PWdahRCCv.lumzOSdp01G.jka', NULL, '2025-02-15 14:44:25', '2025-02-15 14:44:25', 'sous_prefet', 32, 35, 13),
(114, 'Sous Préfecture  DAROU MINAME 2', 'spdarouminame2@dge.sn', NULL, '$2y$12$xWqDBnVp/d4PJ/YsxkVkqui73zQnHyqjD/pdU.vBezg3Sq9h1q7K6', NULL, '2025-02-15 14:45:25', '2025-02-15 14:45:25', 'sous_prefet', 46, 38, 13),
(115, 'Sous Préfecture  SAGNA', 'spsagna@dge.sn', NULL, '$2y$12$mR7j9QIxSiSnWuYcWfkezeGoj/Ki5iHcF1H2nMTao/hti6o91Q2ji', NULL, '2025-02-15 14:46:25', '2025-02-15 14:46:25', 'sous_prefet', 46, 39, 13),
(116, 'Sous Préfecture  KOUMBAL', 'spkoumbal@dge.sn', NULL, '$2y$12$jFmmm7ZbcV2D3EN09sLIZeMJjgCaU7kwmg2zQeUw4928iEbSZdadm', NULL, '2025-02-15 14:48:02', '2025-02-15 14:48:02', 'sous_prefet', 3, 42, 12),
(117, 'Sous Préfecture  NDIEDIENG', 'spndiedieng@dge.sn', NULL, '$2y$12$pkZkxM0hitOHcOYdwgXYz.TC3PKcYU9ZrbLIkzIAfFNJLVurV0RxK', NULL, '2025-02-15 14:49:10', '2025-02-15 14:49:10', 'sous_prefet', 3, 43, 12),
(118, 'Sous Préfecture  NGOTHIE', 'spngothie@dge.sn', NULL, '$2y$12$gfrxFrU5Y28RgDOWeJu9OOWucVKszyh99JqpsPDF9.IqncXKp2CNW', NULL, '2025-02-15 14:50:29', '2025-02-15 14:50:29', 'sous_prefet', 3, 44, 12),
(119, 'Sous Préfecture  MEDINA SABAKH', 'spmedinasabakh@dge.sn', NULL, '$2y$12$nIT2YoL3D84EKqig1vZWYeA/eva4ogCMDs1prGMlhl4B3fdM9Dtqq', NULL, '2025-02-15 14:51:31', '2025-02-15 14:51:31', 'sous_prefet', 7, 45, 12),
(120, 'Sous Préfecture  PAOSKOTO', 'sppaoskoto@dge.sn', NULL, '$2y$12$stuVy9DQh/30JZL.likB0.3h1nsTkZ0ZoQLxw0rBQRdlUeMcb9juy', NULL, '2025-02-15 14:52:33', '2025-02-15 14:52:33', 'sous_prefet', 7, 46, 12),
(121, 'Sous Préfecture  WACK NGOUNA', 'spwackngouna@dge.sn', NULL, '$2y$12$8kD.Zsg5X2IWCMPAYdYZOe5QQjkUJwI1TZGj2P4Wx9EkJ0pttNlUG', NULL, '2025-02-15 14:53:39', '2025-02-15 14:53:39', 'sous_prefet', 7, 47, 12),
(122, 'Sous Préfecture  MBADAKHOUNE', 'spmbadakhoune@dge.sn', NULL, '$2y$12$zdQqeGp4qXySJM3eorWv1eEFvQI5VmT9DmTF9e9j.WnSIH43sS7B.', NULL, '2025-02-15 14:54:52', '2025-02-15 14:54:52', 'sous_prefet', 13, 40, 12),
(123, 'Sous Préfecture  NGELOU', 'spngelou@dge.sn', NULL, '$2y$12$cQRkiY747yu3lqiTzQzP9ODrUe8rEKlIUl9/SqziHkeWrSUTIFmPu', NULL, '2025-02-15 14:56:16', '2025-02-15 14:56:16', 'sous_prefet', 13, 41, 12),
(124, 'Sous Préfecture  BANDAFASSI', 'spbandafassi@dge.sn', NULL, '$2y$12$yFhJFOA/P/v8SzZb/bfesuYCJ7e5XdqnCk0KUGwEbc5r76FPUpiXi', NULL, '2025-02-15 16:35:08', '2025-02-15 16:35:08', 'sous_prefet', 35, 48, 5),
(125, 'Sous Préfecture   FONGOLIMBI', 'spfongolimbi@dge.sn', NULL, '$2y$12$R20dxE4B8gKzvYMGKq4rKeufoz4WolAEMQMxQ29AQqn115nbxip/2', NULL, '2025-02-15 16:36:45', '2025-02-15 16:36:45', 'sous_prefet', 35, 49, 5),
(126, 'Sous Préfecture  DAKATELI', 'spdakateli@dge.sn', NULL, '$2y$12$iE6PoAtzyQD61QTFO5fA0eEjmEYgcR/FcVgO/0H1K40PzAY/YkUry', NULL, '2025-02-16 14:35:22', '2025-02-16 14:35:22', 'sous_prefet', 40, 50, 5),
(127, 'Sous Préfecture  DAR SALAM', 'spdarsalam@dge.sn', NULL, '$2y$12$OHKnlB6DoZoqcA3Ai88k.OAyMVCaOVan6.9QvLWa3Zr6f97/WsUOC', NULL, '2025-02-16 14:36:21', '2025-02-16 14:36:21', 'sous_prefet', 40, 51, 5),
(128, 'Sous Préfecture  BEMBOU', 'spbembou@dge.sn', NULL, '$2y$12$v1GGI3bLmOwUGrpfx3XCHux22XSG1gxRVikTYViEdkPWcJxq1Bvae', NULL, '2025-02-16 14:37:55', '2025-02-16 14:37:55', 'sous_prefet', 44, 52, 5),
(129, 'Sous Préfecture  SABADOLA', 'spsabadola@dge.sn', NULL, '$2y$12$7G8sGvzN7xeJIuE6E26pNucGGFdaMIZ2qBZgqHdh8dhEuLoJlEq7.', NULL, '2025-02-16 14:39:03', '2025-02-16 14:39:03', 'sous_prefet', 44, 53, 5),
(130, 'Sous Préfecture  DIOULACOLON', 'spdioulacolon@dge.sn', NULL, '$2y$12$broPdmnd1WQlNOYldUlLPu.pM3kuYTEQO9Vc92QTj4xvMQlVjU6k6', NULL, '2025-02-16 14:40:08', '2025-02-16 14:40:08', 'sous_prefet', 25, 56, 6),
(131, 'Sous Préfecture  MAMPATIM', 'spmampatim@dge.sn', NULL, '$2y$12$SfQ7pjvy1iBeG.gVIbe5OOJKr8ceVuaeMLRO/hNz9lFyRANmczQha', NULL, '2025-02-16 14:41:28', '2025-02-16 14:41:28', 'sous_prefet', 25, 54, 6),
(132, 'Sous Préfecture  SARE BIDJI', 'spsarebidji@dge.sn', NULL, '$2y$12$87IK69PWMnrfB8EpMPTWZ.dKG/.8GD3Zc6.DUPKVK1qjmYad.9AhG', NULL, '2025-02-16 14:42:44', '2025-02-16 14:42:44', 'sous_prefet', 25, 55, 6),
(133, 'Sous Préfecture  FAFACOUROU', 'spfafacourou@dge.sn', NULL, '$2y$12$CJJS4fWPBbtSEGUvPELPZOvrNsqaohlcONDDsmlovk09Fho/YnG7.', NULL, '2025-02-16 14:44:28', '2025-02-16 14:44:28', 'sous_prefet', 30, 57, 6),
(134, 'Sous Préfecture  NDORNA', 'spndorna@dge.sn', NULL, '$2y$12$g/aD.FOgDdJtt2ZoXH639ucO9mheVSxZYvkm3GcEhSG0EfQujYqvu', NULL, '2025-02-16 14:45:32', '2025-02-16 14:45:32', 'sous_prefet', 30, 58, 6),
(135, 'Sous Préfecture  NIAMING', 'spniaming@dge.sn', NULL, '$2y$12$ldoeX3YZGoLWlsfEzTLqE.1yyyRM9aL4JyAzuJ84kI7O0T.JhCRYa', NULL, '2025-02-16 14:46:32', '2025-02-16 14:46:32', 'sous_prefet', 30, 59, 6),
(136, 'Sous Préfecture   BONCONTO', 'spbonconto@dge.sn', NULL, '$2y$12$3HKKul25ftgjieqnYKODTO3yUgEtDkOQ7qr/9sKpnz4ABz0vWxGLy', NULL, '2025-02-16 14:48:21', '2025-02-16 14:48:21', 'sous_prefet', 21, 62, 6),
(137, 'Sous Préfecture  PAKOUR', 'sppakour@dge.sn', NULL, '$2y$12$5xOXCzdLzkCpB3wg.1N5AO9/rKZURc.nng1NWnB.5FH.uwbhXUDRW', NULL, '2025-02-16 14:49:27', '2025-02-16 14:49:27', 'sous_prefet', 21, 61, 6),
(138, 'Sous Préfecture  SARE COLY SALLE', 'spsarecolysalle@dge.sn', NULL, '$2y$12$LxeQHDn78025HvLH56fGOOTmc4pIFl8MmGcI5PFiKRxTXeitqFAXG', NULL, '2025-02-16 14:51:18', '2025-02-16 14:51:18', 'sous_prefet', 21, 60, 6),
(139, 'Sous Préfecture  COKI', 'spcoki@dge.sn', NULL, '$2y$12$YAMfC5KylbITpJ70EGRQluXjSIblbUyKcY6dKVo5QC0zRIhOpDDRm', NULL, '2025-02-16 14:52:29', '2025-02-16 14:52:29', 'sous_prefet', 33, 70, 1),
(140, 'Sous Préfecture  KEUR MOMAR SARR', 'spkeurmomarsarr@dge.sn', NULL, '$2y$12$wE6dPCpffBgOtArcL8mTtOHam/kc15EZV0pzcts/hT4napyLVWNza', NULL, '2025-02-16 14:53:43', '2025-02-16 14:53:43', 'sous_prefet', 33, 71, 1),
(141, 'Sous Préfecture  MBEDIENE', 'spmbediene@dge.sn', NULL, '$2y$12$LfNtvDkkdmje6E8JHcLkE.BNeFWgmAGXbz.46u0mH.HQ.AGwOVape', NULL, '2025-02-16 14:55:00', '2025-02-16 14:55:00', 'sous_prefet', 33, 72, 1),
(142, 'Sous Préfecture  SAKAL', 'spsakal@dge.sn', NULL, '$2y$12$7N67SO6AjUsg8fRPaE31qOREOLM.tr/B2tDc49eCIyKE//F6zPKCm', NULL, '2025-02-16 14:56:01', '2025-02-16 14:56:01', 'sous_prefet', 33, 73, 1),
(143, 'Sous Préfecture  NDANDE', 'spndande@dge.sn', NULL, '$2y$12$L1G96pSeKoPGes6kUWARPemLPdDbMRvaz28OIZja5t9sxqIEGGqfK', NULL, '2025-02-16 14:57:00', '2025-02-16 14:57:00', 'sous_prefet', 31, 63, 1),
(144, 'Sous Préfecture  SAGATA', 'spsagata@dge.sn', NULL, '$2y$12$UpcRAy8b8TDggJ3vkPr57eaMWYwpEYqMHzuTuqSUZnotiMHcl/DuG', NULL, '2025-02-16 14:58:22', '2025-02-16 14:58:22', 'sous_prefet', 31, 65, 1),
(145, 'Sous Préfecture  DAROU MOUSTY', 'spdaroumousty@dge.sn', NULL, '$2y$12$MbzhPs4J2d0XB0Vatak1uehqjtJp/zVu37XvVG1CvMMylU5GuqQxi', NULL, '2025-02-16 14:59:53', '2025-02-16 14:59:53', 'sous_prefet', 31, 64, 1),
(146, 'Sous Préfecture  BARKEDJI', 'spbarkedji@dge.sn', NULL, '$2y$12$HTJf/w45M8BUBHdxXYrSVe/3gdSSFZA7jrfhRNGa6vtTQoNt6oGk6', NULL, '2025-02-16 15:00:52', '2025-02-16 15:00:52', 'sous_prefet', 4, 66, 1),
(147, 'Sous Préfecture  DODJI', 'spdodji@dge.sn', NULL, '$2y$12$94qGzuRZPX.0E1YUCdopeOua/8QitCTnDFYsGvDAtaUvsgB0dh1GK', NULL, '2025-02-16 15:02:13', '2025-02-16 15:02:13', 'sous_prefet', 4, 68, 1),
(148, 'Sous Préfecture  YANG YANG', 'spyangyang@dge.sn', NULL, '$2y$12$X0196madkpQpbF5LWZ7IXemEtqm2GG6udhmqLPdPIvCMiwoUexJbS', NULL, '2025-02-16 15:03:18', '2025-02-16 15:03:18', 'sous_prefet', 4, 69, 1),
(149, 'Sous Préfecture  SAGATTA DJOLOF', 'spsagattadjolof@dge.sn', NULL, '$2y$12$nQJDwH8ll0QhoF5HyIGRKOKlxqPBQP5H/T2XVWhmRjdkHzMSShmnS', NULL, '2025-02-16 15:04:32', '2025-02-16 15:04:32', 'sous_prefet', 4, 67, 1),
(150, 'Sous Préfecture  AGNAM CIVOL', 'spagnamcivol@dge.sn', NULL, '$2y$12$2q6Jzc2UlB0rLPayHL8fbeDnK1ELo86G1VSBfAXuKkvRrUuZXldjS', NULL, '2025-02-16 15:23:27', '2025-02-16 15:23:27', 'sous_prefet', 26, 76, 3),
(151, 'Sous Préfecture  OGO', 'spogo@dge.sn', NULL, '$2y$12$jd3kJKeVE2EvRNqJLusTmeLXFOaackXiKT71OXZyPBV1XRCsx4Y0C', NULL, '2025-02-16 15:24:20', '2025-02-16 15:24:20', 'sous_prefet', 26, 77, 3),
(152, 'Sous Préfecture  ORKADIERE', 'sporkadiere@dge.sn', NULL, '$2y$12$Fbrmr44A3jueL6X.SDuiA.y278BJYR6f8xntPhSJwq1e0L4dxoYdq', NULL, '2025-02-16 15:25:55', '2025-02-16 15:25:55', 'sous_prefet', 20, 75, 3),
(153, 'Sous Préfecture  WOURO SIDY', 'spwourosidy@dge.sn', NULL, '$2y$12$Ioh3Iy2C7B39DdsZ0OPCaedz9KqwMz8peH4ZnZwlfbXvYw3UORtUy', NULL, '2025-02-16 15:27:42', '2025-02-16 15:27:42', 'sous_prefet', 20, 74, 3),
(154, 'Sous Préfecture  VELINGARA RA', 'spvelingarara@dge.sn', NULL, '$2y$12$2DDyHSd841oS0XN1gf2Kle9cY.DbOlSHKG.NYsgkwjd40YHXG8XzG', NULL, '2025-02-16 15:31:26', '2025-02-16 15:31:26', 'sous_prefet', 41, 153, 3),
(155, 'Sous Préfecture  RAO', 'sprao@dge.sn', NULL, '$2y$12$THLgdmXYaXe/te4NunMlweoTLVXQGeiGQcyxmrs1yMRcijy26Zf.u', NULL, '2025-02-16 15:32:32', '2025-02-16 15:32:32', 'sous_prefet', 19, 127, 9),
(156, 'Sous Préfecture   MBANE', 'spmbane@dge.sn', NULL, '$2y$12$BMLk1Xf4a0gvS8xXJT4aGe2ARNt/zBTwVua/wqEbeL7taZZ33COIi', NULL, '2025-02-16 15:33:30', '2025-02-16 15:33:30', 'sous_prefet', 38, 80, 9),
(157, 'Sous Préfecture  NDIAYE', 'spndiaye@dge.sn', NULL, '$2y$12$qWV.x7k/Wl6/QMaMVdcm/OZw4CqCT/Y491LsCWgtaLBbsHPZCdOK2', NULL, '2025-02-16 15:34:26', '2025-02-16 15:34:26', 'sous_prefet', 38, 79, 9),
(158, 'Sous Préfecture  CAS CAS', 'spcascas@dge.sn', NULL, '$2y$12$CsZfHdUY25/bUAe2q0WYGuJEWiR5jurgSKh/E/XkjvFoGl0CX2zIu', NULL, '2025-02-16 15:35:39', '2025-02-16 15:35:39', 'sous_prefet', 37, 81, 9),
(159, 'Sous Préfecture  GAMADADJI SARE', 'spgamadadjisare@dge.sn', NULL, '$2y$12$d37gHrxlBRdHWNnnHU1Sv.tHNUzo9.BcofE9bHlMTjXx1dICicYma', NULL, '2025-02-16 15:39:46', '2025-02-16 15:39:46', 'sous_prefet', 37, 82, 9),
(160, 'Sous Préfecture  SALDE', 'spsalde@dge.sn', NULL, '$2y$12$Bp8XFnFUhryP.C1mMYVVKedsUyRtXD9coQHT92Fuk5nU5cvKZCTgu', NULL, '2025-02-16 15:40:55', '2025-02-16 15:40:55', 'sous_prefet', 37, 84, 9),
(161, 'Sous Préfecture  THILLE BOUBACAR', 'spthilleboubacar@dge.sn', NULL, '$2y$12$ZsM/aCsSxq249QzseWTV8.fCZiatKoLr5t/0G2alLjsE6sD/3QkfW', NULL, '2025-02-16 15:41:46', '2025-02-16 15:41:46', 'sous_prefet', 37, 83, 9),
(162, 'Sous Préfecture  DIENDE', 'spdiende@dge.sn', NULL, '$2y$12$Z1.G5NorVrETmylW6Flmmu6i8FCBKw4onhOeCcCZbCKSWgVySkn8u', NULL, '2025-02-16 15:43:35', '2025-02-16 15:43:35', 'sous_prefet', 34, 92, 7),
(163, 'Sous Préfecture  DJIBA BOUYA', 'spdjibabouya@dge.sn', NULL, '$2y$12$hdosZtFcx7hoDtr.QarvqesUkGC89SkauctLY4JMp6nhQuaUsV1dK', NULL, '2025-02-16 15:44:47', '2025-02-16 15:44:47', 'sous_prefet', 34, 93, 7),
(164, 'Sous Préfecture  DJIREDJI', 'spdjiredji@dge.sn', NULL, '$2y$12$vmoUNsCK/XoIVfp9SNV6d.84ODmzprmGpouYl2v/2IBg4VffopuA2', NULL, '2025-02-16 15:45:59', '2025-02-16 15:45:59', 'sous_prefet', 34, 91, 7),
(165, 'Sous Préfecture  BOGHAL', 'spboghal@dge.sn', NULL, '$2y$12$OqeHpoJ8RWdMWXlE/0bV6.lm2.1UDnFl43qFrEyc9BrZOrRSWt46S', NULL, '2025-02-16 15:47:55', '2025-02-16 15:47:55', 'sous_prefet', 43, 85, 7),
(166, 'Sous Préfecture  BONA', 'spbona@dge.sn', NULL, '$2y$12$ltbcsYpYixQDAJdPb4bl0e5CyV7H/W7VTtg.oTQBOxB9dJIDokvqa', NULL, '2025-02-16 15:49:41', '2025-02-16 15:49:41', 'sous_prefet', 43, 86, 7),
(167, 'Sous Préfecture   DIAROUME', 'spdiaroume@dge.sn', NULL, '$2y$12$5oKT/EtkVA42kMVUdclZb.a0SSe8vmT6bjUgTFdoiBTj5AH5QFfFa', NULL, '2025-02-16 15:50:53', '2025-02-16 15:50:53', 'sous_prefet', 43, 87, 7),
(168, 'Sous Préfecture   DJIBANAR', 'spdjibanar@dge.sn', NULL, '$2y$12$v1pfJsAfcxy03u2OaEOEYethFyrayprSDu5PCLTfZwdtfdAfc87OG', NULL, '2025-02-16 15:52:32', '2025-02-16 15:52:32', 'sous_prefet', 45, 88, 7),
(169, 'Sous Préfecture  KARANTABA', 'spkarantaba@dge.sn', NULL, '$2y$12$GpjcJgiupHIJPfSkuRZG2.oO3m7aRI70yc.K78Kt902f9q5jo2o1C', NULL, '2025-02-16 15:53:51', '2025-02-16 15:53:51', 'sous_prefet', 45, 90, 7),
(170, 'Sous Préfecture  SIMBANDI BRASSOU', 'spsimbandibrassou@dge.sn', NULL, '$2y$12$kc5b2xt8ZhxXUyFHmREVFOlwSKBDVvQEzAFB.q2e1palsDZ.mcFNG', NULL, '2025-02-16 15:55:05', '2025-02-16 15:55:05', 'sous_prefet', 45, 89, 7),
(171, 'Sous Préfecture  KOUSSANAR', 'spkoussanar@dge.sn', NULL, '$2y$12$b7xlmx94lPfbKu0TLclVKedFJ9SFaSSQUhklPPUoxN5KbK7InO8pi', NULL, '2025-02-16 18:34:16', '2025-02-16 18:34:16', 'sous_prefet', 27, 105, 4),
(172, 'Sous Préfecture  MAKACOLIBANTANG', 'spmakacolibantang@dge.sn', NULL, '$2y$12$OYxsqbuylM3XXrdl52bhL.kshPuETGl.nsQLk3kWctABXVDmhI7Km', NULL, '2025-02-16 18:35:23', '2025-02-16 18:35:23', 'sous_prefet', 27, 103, 4),
(173, 'Sous Préfecture  MISSIRAH', 'spmissirah@dge.sn', NULL, '$2y$12$Rie6jYDhxvvDeGcZ7jRhBeBtWdyTR.bWHk14TUp8.QF9lHQR6DjuO', NULL, '2025-02-16 18:40:15', '2025-02-16 18:40:15', 'sous_prefet', 27, 104, 4),
(174, 'Sous Préfecture  BELE', 'spbele@dge.sn', NULL, '$2y$12$A1MJd03Xp0ilo3DO3CFbzeqA2X3A.SCmpti3GxoKd4rTqwQFtJIQ6', NULL, '2025-02-16 18:44:29', '2025-02-16 18:44:29', 'sous_prefet', 39, 94, 4),
(175, 'Sous Préfecture  KENIEBA', 'spkenieba@dge.sn', NULL, '$2y$12$DLnQbUob.mc0CzDQEDrPP.0n/vZ.IPOwDp9t9IseRO/mVvMcvx/Qy', NULL, '2025-02-16 18:45:38', '2025-02-16 18:45:38', 'sous_prefet', 39, 95, 4),
(176, 'Sous Préfecture  MOUDERI', 'spmouderi@dge.sn', NULL, '$2y$12$QzsdbIJ7ttt6IIObmvMlqO8al3XX0BO7RAAbpXIFuF1UWIfDVt0Dm', NULL, '2025-02-16 18:46:45', '2025-02-16 18:46:45', 'sous_prefet', 39, 96, 4),
(177, 'Sous Préfecture  BALA', 'spbala@dge.sn', NULL, '$2y$12$2FJQ55iEblE9M.akRq7bROkSaZ1WLM5IzItO2lv18fv6ZrhTsKWYq', NULL, '2025-02-16 18:57:37', '2025-02-16 18:57:37', 'sous_prefet', 22, 100, 4),
(178, 'Sous Préfecture  BOYNGUEL BAMBA', 'spboynguelbamba@dge.sn', NULL, '$2y$12$aCIgBNnom8TpBndZW1b9l.Y9h31YQnmTYC613mB0BbPhabyjoSWEW', NULL, '2025-02-16 18:58:47', '2025-02-16 18:58:47', 'sous_prefet', 22, 97, 4),
(179, 'Sous Préfecture  DIANKE MAKHA', 'spdiankemakha@dge.sn', NULL, '$2y$12$ZkKfV4/fJmIAJ00MAFnim.P6SV1quVZBW2zIU440orC1u0P4v7sJO', NULL, '2025-02-16 19:00:02', '2025-02-16 19:00:02', 'sous_prefet', 22, 98, 4),
(180, 'Sous Préfecture  KOULOR', 'spkoulor@dge.sn', NULL, '$2y$12$WWe3i3ArlWKoNBc71iTsZuEmD3Y3W0nOeymsCPaucE2clcvkKT.A.', NULL, '2025-02-16 19:01:14', '2025-02-16 19:01:14', 'sous_prefet', 22, 99, 4),
(181, 'Sous Préfecture  BAMBA THIALENE', 'spbambathialene@dge.sn', NULL, '$2y$12$IHBWXqjSOB/OIDqNcCFAROs8XY8aCxlMgCyy6xhZBboUpWVi.sdMa', NULL, '2025-02-16 19:02:34', '2025-02-16 19:02:34', 'sous_prefet', 23, 101, 4),
(182, 'Sous Préfecture  KOUTHIABA WOLOF', 'spkouthiabawolof@dge.sn', NULL, '$2y$12$T1j/7HHo8brDykK8fk1bUu8QdtDL2l1AaOg9AHV7fdpg4yS5jPDDq', NULL, '2025-02-16 19:03:49', '2025-02-16 19:03:49', 'sous_prefet', 23, 102, 4),
(183, 'Sous Préfecture  KEUR MOUSSA', 'spkeurmoussa@dge.sn', NULL, '$2y$12$KtW0cEtA534m.Qcd8NMBbu9vw8s5s2UQok9nU3wOkb2C3EuWXMsa.', NULL, '2025-02-16 19:06:04', '2025-02-16 19:06:04', 'sous_prefet', 1, 112, 2),
(184, 'Sous Préfecture  NOTTO', 'spnotto@dge.sn', NULL, '$2y$12$tqA3CamTPR3TpyjCz9OAy.zF4qwKACnD1OD0KkN5MgS3ZEVxsC2Si', NULL, '2025-02-16 19:06:58', '2025-02-16 19:06:58', 'sous_prefet', 1, 113, 2),
(185, 'Sous Préfecture  THIENABA', 'spthienaba@dge.sn', NULL, '$2y$12$QiLPAQExiUSEm3WqlcGxSuCKSl3pfefUpJ5eTOzKjRRkN..92Is4O', NULL, '2025-02-16 19:08:10', '2025-02-16 19:08:10', 'sous_prefet', 1, 111, 2),
(186, 'Sous Préfecture  THIES NORD', 'spthiesnord@dge.sn', NULL, '$2y$12$2cot6ftBwg1uq4BK31uQq.01Hv2bbGs1nup5wRG268t.4duIxwSmG', NULL, '2025-02-16 19:09:09', '2025-02-16 19:09:09', 'sous_prefet', 1, 109, 2),
(187, 'Sous Préfecture  THIES SUD', 'spthiessud@dge.sn', NULL, '$2y$12$G.rCRTKAjFyEKQjwW6/2rezRCJWA.z/mKQ0vie.2QbBPtiUqyZfe2', NULL, '2025-02-16 19:10:50', '2025-02-16 19:10:50', 'sous_prefet', 1, 110, 2),
(188, 'Sous Préfecture  FISSEL', 'spfissel@dge.sn', NULL, '$2y$12$K2YZnLSf8rCcZKDoWZwYH.2aF8K.Tcb0JY8yzv/z5kwrWZRK.3WLa', NULL, '2025-02-16 19:11:52', '2025-02-16 19:11:52', 'sous_prefet', 14, 106, 2),
(189, 'Sous Préfecture  SESSENE', 'spsessene@dge.sn', NULL, '$2y$12$3QjQ.mrKpIfI/igtlsLisuXmeNXFSm4tmojTSJUhduy/EW2ncTHFC', NULL, '2025-02-16 19:13:46', '2025-02-16 19:13:46', 'sous_prefet', 14, 107, 2),
(190, 'Sous Préfecture  SINDIA', 'spsindia@dge.sn', NULL, '$2y$12$nXUv7eeD6.48.gZu1.qM7upjUDSb29v9JsKC21tTY1ftxsAg44Fa.', NULL, '2025-02-16 19:15:02', '2025-02-16 19:15:02', 'sous_prefet', 14, 108, 2),
(191, 'Sous Préfecture  MEOUANE', 'spmeouane@dge.sn', NULL, '$2y$12$LXMqPfu/GmV2khZFwzELhO0QJcKN5NJX12vnW.tKESuavEsTVgvKy', NULL, '2025-02-16 19:16:17', '2025-02-16 19:16:17', 'sous_prefet', 9, 114, 2),
(192, 'Sous Préfecture  MERINA DAKHAR', 'spmerinadakhar@dge.sn', NULL, '$2y$12$mBSuKSAuorXWmG2ziSuM.emD1/IkSVc81GQd8W5ZO8rLL2S8m/oHu', NULL, '2025-02-16 19:17:23', '2025-02-16 19:17:23', 'sous_prefet', 9, 115, 2),
(193, 'Sous Préfecture  NIAKHENE', 'spniakhene@dge.sn', NULL, '$2y$12$h6G3WlGt99BF1w9.m07GVe/lJY7v/UVonp8m/6X4YcLLBP95ipoiO', NULL, '2025-02-16 19:18:30', '2025-02-16 19:18:30', 'sous_prefet', 9, 116, 2),
(194, 'Sous Préfecture  PAMBAL', 'sppambal@dge.sn', NULL, '$2y$12$G2NID7bhHu03Gl7RjAYuh.zNKb8V7XCJVT0TotBwGDRMUcWeECzeq', NULL, '2025-02-16 19:19:33', '2025-02-16 19:19:33', 'sous_prefet', 9, 117, 2),
(195, 'Sous Préfecture  NIAGUIS', 'spniaguis@dge.sn', NULL, '$2y$12$w5PKEKLomLp02yAw2h6yuOcbMnr6XknXpUVJhPxtYWUznbJa/19f6', NULL, '2025-02-16 19:21:13', '2025-02-16 19:21:13', 'sous_prefet', 15, 118, 14),
(196, 'Sous Préfecture  NIASSIA', 'spniassia@dge.sn', NULL, '$2y$12$kA2RQnnC35NE5JBwkpUHGOx7x0HO/3kQfxx6XdxvULCG8viZ20OB.', NULL, '2025-02-16 19:22:18', '2025-02-16 19:22:18', 'sous_prefet', 15, 119, 14),
(197, 'Sous Préfecture  CABROUSSE', 'spcabrousse@dge.sn', NULL, '$2y$12$qCUtXq5SOl6sehs8crQmnODaBsP6WL3rW8kT1/UIg1pi.DKdsIeK.', NULL, '2025-02-16 19:23:29', '2025-02-16 19:23:29', 'sous_prefet', 11, 120, 14),
(198, 'Sous Préfecture  LOUDIA OUOLOF', 'sploudiaouolof@dge.sn', NULL, '$2y$12$gGDP2XYGBN4/actBDZRyy.jFHZQ4.MdZBxKFxevWABxrZNfeuItOS', NULL, '2025-02-16 19:24:37', '2025-02-16 19:24:37', 'sous_prefet', 11, 121, 14),
(199, 'Sous Préfecture  KATABA 1', 'spkataba1@dge.sn', NULL, '$2y$12$JRaLyiP9Rwinyt2f5MNHTuzTmnbh1lAcOUBpPjtA1DmFRkezhvMri', NULL, '2025-02-16 19:25:58', '2025-02-16 19:25:58', 'sous_prefet', 18, 122, 14),
(200, 'Sous Préfecture  SINDIAN', 'spsindian@dge.sn', NULL, '$2y$12$yF.q6L659L89KtkVuxtoN.3JzD0.w6SB59y.V.PVZZCKIfH8sd6SS', NULL, '2025-02-16 19:27:32', '2025-02-16 19:27:32', 'sous_prefet', 18, 125, 14),
(201, 'Sous Préfecture  TENDOUCK', 'sptendouck@dge.sn', NULL, '$2y$12$bcfyEpi/901sr8Xw4xzDVOnSrzlOADKYAmRIweO18Ev4ELClHrlTK', NULL, '2025-02-16 19:28:44', '2025-02-16 19:28:44', 'sous_prefet', 18, 124, 14),
(202, 'Sous Préfecture  TENGHORI', 'sptenghori@dge.sn', NULL, '$2y$12$vLCR15Zgz0LEamj9V6DT8.niNjGX3d9twD7yZm0pj6cnKtm8oEuvG', NULL, '2025-02-16 19:30:03', '2025-02-16 19:30:03', 'sous_prefet', 18, 123, 14);

--
-- Index pour les tables déchargées
--

--
-- Index pour la table `arrondissements`
--
ALTER TABLE `arrondissements`
  ADD PRIMARY KEY (`id`),
  ADD KEY `arrondissements_departement_id_foreign` (`departement_id`);

--
-- Index pour la table `communes`
--
ALTER TABLE `communes`
  ADD PRIMARY KEY (`id`),
  ADD KEY `communes_departement_id_foreign` (`departement_id`),
  ADD KEY `communes_arrondissement_id_foreign` (`arrondissement_id`);

--
-- Index pour la table `departements`
--
ALTER TABLE `departements`
  ADD PRIMARY KEY (`id`),
  ADD KEY `departements_region_id_foreign` (`region_id`);

--
-- Index pour la table `failed_jobs`
--
ALTER TABLE `failed_jobs`
  ADD PRIMARY KEY (`id`),
  ADD UNIQUE KEY `failed_jobs_uuid_unique` (`uuid`);

--
-- Index pour la table `localites`
--
ALTER TABLE `localites`
  ADD PRIMARY KEY (`id`),
  ADD KEY `localites_commune_id_foreign` (`commune_id`);

--
-- Index pour la table `migrations`
--
ALTER TABLE `migrations`
  ADD PRIMARY KEY (`id`);

--
-- Index pour la table `operateurs`
--
ALTER TABLE `operateurs`
  ADD PRIMARY KEY (`id`),
  ADD KEY `operateurs_commune_id_foreign` (`commune_id`);

--
-- Index pour la table `password_resets`
--
ALTER TABLE `password_resets`
  ADD KEY `password_resets_email_index` (`email`);

--
-- Index pour la table `password_reset_tokens`
--
ALTER TABLE `password_reset_tokens`
  ADD PRIMARY KEY (`email`);

--
-- Index pour la table `personal_access_tokens`
--
ALTER TABLE `personal_access_tokens`
  ADD PRIMARY KEY (`id`),
  ADD UNIQUE KEY `personal_access_tokens_token_unique` (`token`),
  ADD KEY `personal_access_tokens_tokenable_type_tokenable_id_index` (`tokenable_type`,`tokenable_id`);

--
-- Index pour la table `personnes`
--
ALTER TABLE `personnes`
  ADD PRIMARY KEY (`id`),
  ADD KEY `personnes_commune_id_foreign` (`commune_id`);

--
-- Index pour la table `regions`
--
ALTER TABLE `regions`
  ADD PRIMARY KEY (`id`);

--
-- Index pour la table `users`
--
ALTER TABLE `users`
  ADD PRIMARY KEY (`id`),
  ADD UNIQUE KEY `users_email_unique` (`email`),
  ADD KEY `users_departement_id_foreign` (`departement_id`),
  ADD KEY `users_arrondissement_id_foreign` (`arrondissement_id`),
  ADD KEY `users_region_id_foreign` (`region_id`);

--
-- AUTO_INCREMENT pour les tables déchargées
--

--
-- AUTO_INCREMENT pour la table `arrondissements`
--
ALTER TABLE `arrondissements`
  MODIFY `id` bigint(20) UNSIGNED NOT NULL AUTO_INCREMENT, AUTO_INCREMENT=170;

--
-- AUTO_INCREMENT pour la table `communes`
--
ALTER TABLE `communes`
  MODIFY `id` bigint(20) UNSIGNED NOT NULL AUTO_INCREMENT, AUTO_INCREMENT=556;

--
-- AUTO_INCREMENT pour la table `departements`
--
ALTER TABLE `departements`
  MODIFY `id` bigint(20) UNSIGNED NOT NULL AUTO_INCREMENT, AUTO_INCREMENT=47;

--
-- AUTO_INCREMENT pour la table `failed_jobs`
--
ALTER TABLE `failed_jobs`
  MODIFY `id` bigint(20) UNSIGNED NOT NULL AUTO_INCREMENT;

--
-- AUTO_INCREMENT pour la table `localites`
--
ALTER TABLE `localites`
  MODIFY `id` bigint(20) UNSIGNED NOT NULL AUTO_INCREMENT, AUTO_INCREMENT=2;

--
-- AUTO_INCREMENT pour la table `migrations`
--
ALTER TABLE `migrations`
  MODIFY `id` int(10) UNSIGNED NOT NULL AUTO_INCREMENT, AUTO_INCREMENT=38;

--
-- AUTO_INCREMENT pour la table `operateurs`
--
ALTER TABLE `operateurs`
  MODIFY `id` bigint(20) UNSIGNED NOT NULL AUTO_INCREMENT, AUTO_INCREMENT=2;

--
-- AUTO_INCREMENT pour la table `personal_access_tokens`
--
ALTER TABLE `personal_access_tokens`
  MODIFY `id` bigint(20) UNSIGNED NOT NULL AUTO_INCREMENT;

--
-- AUTO_INCREMENT pour la table `personnes`
--
ALTER TABLE `personnes`
  MODIFY `id` bigint(20) UNSIGNED NOT NULL AUTO_INCREMENT, AUTO_INCREMENT=2;

--
-- AUTO_INCREMENT pour la table `regions`
--
ALTER TABLE `regions`
  MODIFY `id` bigint(20) UNSIGNED NOT NULL AUTO_INCREMENT, AUTO_INCREMENT=15;

--
-- AUTO_INCREMENT pour la table `users`
--
ALTER TABLE `users`
  MODIFY `id` bigint(20) UNSIGNED NOT NULL AUTO_INCREMENT, AUTO_INCREMENT=203;

--
-- Contraintes pour les tables déchargées
--

--
-- Contraintes pour la table `arrondissements`
--
ALTER TABLE `arrondissements`
  ADD CONSTRAINT `arrondissements_departement_id_foreign` FOREIGN KEY (`departement_id`) REFERENCES `departements` (`id`);

--
-- Contraintes pour la table `communes`
--
ALTER TABLE `communes`
  ADD CONSTRAINT `communes_arrondissement_id_foreign` FOREIGN KEY (`arrondissement_id`) REFERENCES `arrondissements` (`id`),
  ADD CONSTRAINT `communes_departement_id_foreign` FOREIGN KEY (`departement_id`) REFERENCES `departements` (`id`);

--
-- Contraintes pour la table `departements`
--
ALTER TABLE `departements`
  ADD CONSTRAINT `departements_region_id_foreign` FOREIGN KEY (`region_id`) REFERENCES `regions` (`id`);

--
-- Contraintes pour la table `localites`
--
ALTER TABLE `localites`
  ADD CONSTRAINT `localites_commune_id_foreign` FOREIGN KEY (`commune_id`) REFERENCES `communes` (`id`) ON DELETE CASCADE;

--
-- Contraintes pour la table `operateurs`
--
ALTER TABLE `operateurs`
  ADD CONSTRAINT `operateurs_commune_id_foreign` FOREIGN KEY (`commune_id`) REFERENCES `communes` (`id`);

--
-- Contraintes pour la table `personnes`
--
ALTER TABLE `personnes`
  ADD CONSTRAINT `personnes_commune_id_foreign` FOREIGN KEY (`commune_id`) REFERENCES `communes` (`id`) ON DELETE CASCADE;

--
-- Contraintes pour la table `users`
--
ALTER TABLE `users`
  ADD CONSTRAINT `users_arrondissement_id_foreign` FOREIGN KEY (`arrondissement_id`) REFERENCES `arrondissements` (`id`),
  ADD CONSTRAINT `users_departement_id_foreign` FOREIGN KEY (`departement_id`) REFERENCES `departements` (`id`),
  ADD CONSTRAINT `users_region_id_foreign` FOREIGN KEY (`region_id`) REFERENCES `regions` (`id`);
COMMIT;

/*!40101 SET CHARACTER_SET_CLIENT=@OLD_CHARACTER_SET_CLIENT */;
/*!40101 SET CHARACTER_SET_RESULTS=@OLD_CHARACTER_SET_RESULTS */;
/*!40101 SET COLLATION_CONNECTION=@OLD_COLLATION_CONNECTION */;
